Metrics/EpRet,Metrics/EpCost,Metrics/EpLen,Train/Epoch,Train/Entropy,Train/KL,Train/StopIter,Train/PolicyRatio,Train/PolicyRatio/Min,Train/PolicyRatio/Max,Train/PolicyRatio/Std,Train/LR,Train/PolicyStd,TotalEnvSteps,Loss/Loss_pi,Loss/Loss_pi/Delta,Value/Adv,Loss/Loss_reward_critic,Loss/Loss_reward_critic/Delta,Value/reward,Time/Total,Time/Rollout,Time/Update,Time/Epoch,Time/FPS
-0.3249523937702179,56.75,1000.0,0.0,1.4130996465682983,0.009398975409567356,10.0,1.0002985000610352,0.9748585224151611,0.9748585224151611,0.016895001754164696,0.0002985000319313258,0.9941844940185547,50000.0,-0.01059149019420147,-0.01059149019420147,0.12442483752965927,0.01370471715927124,0.01370471715927124,0.00877629965543747,37.40532684326172,11.756304740905762,25.648839950561523,37.40520477294922,1336.7125244140625
0.13421019911766052,93.13749694824219,1000.0,1.0,1.3939799070358276,0.010996169410645962,10.0,1.0000545978546143,0.9726476073265076,0.9726476073265076,0.018262194469571114,0.0002969999623019248,0.975368320941925,100000.0,-0.010181069374084473,0.00041042082011699677,-0.022270094603300095,0.004147286526858807,-0.009557430632412434,0.026394492015242577,69.47819519042969,9.267870903015137,22.717065811157227,31.984970092773438,1563.2342529296875
0.5261746644973755,81.71666717529297,1000.0,2.0,1.3758318424224854,0.009743309579789639,10.0,1.000396966934204,0.9744577407836914,0.9744577407836914,0.017240047454833984,0.0002955000090878457,0.9578205943107605,150000.0,-0.008032305166125298,0.002148764207959175,-0.18170058727264404,0.006274185609072447,0.00212689908221364,0.025508882477879524,103.43516540527344,11.192140579223633,22.742103576660156,33.93427658081055,1473.4365234375
1.2350261211395264,87.34375,1000.0,3.0,1.3630799055099487,0.008058025501668453,10.0,0.9999418258666992,0.9751153588294983,0.9751153588294983,0.01631607860326767,0.00029399996856227517,0.9456818699836731,200000.0,-0.006252426654100418,0.0017798785120248795,0.009762090630829334,0.010115757584571838,0.0038415719754993916,0.06325994431972504,131.57908630371094,8.692717552185059,19.429454803466797,28.1221981048584,1777.9547119140625
1.9177018404006958,88.43000030517578,1000.0,4.0,1.3439451456069946,0.009140255860984325,10.0,1.000112771987915,0.9755643010139465,0.9755643010139465,0.015965396538376808,0.0002924999862443656,0.9277812838554382,250000.0,-0.007752481382340193,-0.0015000547282397747,-0.0945836529135704,0.012470428831875324,0.002354671247303486,0.12555666267871857,162.40634155273438,8.09676742553711,22.708276748657227,30.80507469177246,1623.1090087890625
2.556281805038452,82.2125015258789,1000.0,5.0,1.3204385042190552,0.007815929129719734,10.0,0.9989752173423767,0.9754319787025452,0.9754319787025452,0.015382502228021622,0.00029100003303028643,0.906225860118866,300000.0,-0.00724422000348568,0.0005082613788545132,-0.0203852616250515,0.014067020267248154,0.0015965914353728294,0.17314912378787994,193.2932586669922,11.371660232543945,19.462488174438477,30.83417320251465,1621.5775146484375
3.2159786224365234,78.2357177734375,1000.0,6.0,1.3002609014511108,0.008334069512784481,10.0,0.9990823864936829,0.9753619432449341,0.9753619432449341,0.015597842633724213,0.0002894999925047159,0.8881748914718628,350000.0,-0.007130539044737816,0.00011368095874786377,0.0293877013027668,0.015423898585140705,0.0013568783178925514,0.26388832926750183,223.6001434326172,8.122987747192383,22.162418365478516,30.28544044494629,1650.9583740234375
4.0113420486450195,76.69999694824219,1000.0,7.0,1.275658369064331,0.008185379207134247,10.0,1.000772476196289,0.9771280288696289,0.9771280288696289,0.015942256897687912,0.0002880000392906368,0.8666305541992188,400000.0,-0.0077209994196891785,-0.0005904603749513626,-0.24882498383522034,0.019051874056458473,0.003627975471317768,0.3663855493068695,254.60317993164062,11.58100700378418,19.323583602905273,30.90462303161621,1617.8809814453125
4.857370376586914,74.58055877685547,1000.0,8.0,1.2522718906402588,0.009275690652430058,10.0,1.0002734661102295,0.976764976978302,0.976764976978302,0.015544908121228218,0.00028649999876506627,0.8466196656227112,450000.0,-0.008246077224612236,-0.0005250778049230576,0.10783803462982178,0.0181594118475914,-0.0008924622088670731,0.5026395916938782,282.5416564941406,8.180994987487793,19.736223220825195,27.917272567749023,1791.005859375
5.68995475769043,73.51249694824219,1000.0,9.0,1.2270251512527466,0.009744062088429928,10.0,0.9990440011024475,0.975031852722168,0.975031852722168,0.01588647998869419,0.00028500001644715667,0.8255569338798523,500000.0,-0.008682495914399624,-0.00043641868978738785,-0.08063671737909317,0.016860004514455795,-0.0012994073331356049,0.6070219874382019,316.282958984375,14.10461139678955,19.576461791992188,33.68110275268555,1484.5118408203125
6.664480686187744,71.72045135498047,1000.0,10.0,1.2013030052185059,0.00949788186699152,10.0,1.000493049621582,0.9763460755348206,0.9763460755348206,0.016016457229852676,0.00028349997592158616,0.8047032952308655,550000.0,-0.008022943511605263,0.0006595524027943611,-0.18910938501358032,0.018543116748332977,0.001683112233877182,0.7999083399772644,343.9279479980469,8.243700981140137,19.378389358520508,27.622119903564453,1810.1435546875
7.6489152908325195,70.18541717529297,1000.0,11.0,1.1750891208648682,0.008193491958081722,10.0,1.0004217624664307,0.9765257239341736,0.9765257239341736,0.015824319794774055,0.000282000022707507,0.7840058207511902,600000.0,-0.008748950436711311,-0.0007260069251060486,0.12342879921197891,0.019874706864356995,0.0013315901160240173,0.9651103019714355,377.3182067871094,12.676836967468262,20.691781997680664,33.36865997314453,1498.411865234375
8.855056762695312,68.81999969482422,1000.0,12.0,1.150342583656311,0.007278093136847019,10.0,0.9992062449455261,0.9758822321891785,0.9758822321891785,0.01554093137383461,0.0002804999821819365,0.7649810314178467,650000.0,-0.007474283222109079,0.001274667214602232,-0.022860387340188026,0.019706957042217255,-0.00016774982213974,1.0618643760681152,404.8349304199219,8.230517387390137,19.264816284179688,27.4953670501709,1818.488525390625
10.4509859085083,65.18000030517578,1000.0,13.0,1.1244646310806274,0.009412048384547234,10.0,1.0002914667129517,0.9770495295524597,0.9770495295524597,0.01531731616705656,0.0002789999998640269,0.7455559372901917,700000.0,-0.007142160087823868,0.00033212313428521156,-0.045911677181720734,0.020688941702246666,0.0009819846600294113,1.205843210220337,438.3837890625,10.805543899536133,22.719867706298828,33.52546310424805,1491.4036865234375
12.13232135772705,61.316001892089844,1000.0,14.0,1.0989692211151123,0.006282102316617966,10.0,0.9991994500160217,0.9765079617500305,0.9765079617500305,0.014924518764019012,0.0002774999593384564,0.7269086241722107,750000.0,-0.00685532484203577,0.0002868352457880974,0.1314949244260788,0.02080283872783184,0.00011389702558517456,1.3591601848602295,466.4147033691406,8.527803421020508,19.475921630859375,28.003753662109375,1785.4752197265625
13.74564266204834,61.040000915527344,1000.0,15.0,1.0725609064102173,0.0074103819206357,10.0,0.9991871118545532,0.9767302870750427,0.9767302870750427,0.014872768893837929,0.00027600000612437725,0.7082518935203552,800000.0,-0.005726738832890987,0.001128586009144783,-0.04269041866064072,0.02058541402220726,-0.00021742470562458038,1.5136653184890747,497.262939453125,8.099644660949707,22.727046966552734,30.826730728149414,1621.9691162109375
15.310968399047852,54.37200164794922,1000.0,16.0,1.0528494119644165,0.007812179625034332,10.0,0.9988958835601807,0.9776828289031982,0.9776828289031982,0.013945158571004868,0.00027449996559880674,0.6947265267372131,850000.0,-0.005343444645404816,0.0003832941874861717,0.05221561715006828,0.0214316975325346,0.0008462835103273392,1.6384522914886475,528.1160888671875,11.381376266479492,19.426746368408203,30.808147430419922,1622.947265625
16.762161254882812,53.24399948120117,1000.0,17.0,1.0343070030212402,0.007427379488945007,10.0,0.9999042749404907,0.9791833758354187,0.9791833758354187,0.01361591275781393,0.0002730000123847276,0.6822493672370911,900000.0,-0.0050594196654856205,0.0002840249799191952,-0.07574795186519623,0.020754491910338402,-0.0006772056221961975,1.7256110906600952,558.7460327148438,8.125749588012695,22.480876922607422,30.60666275024414,1633.631591796875
18.160188674926758,52.89400100708008,1000.0,18.0,1.0108416080474854,0.006929866038262844,10.0,1.0001935958862305,0.9794814586639404,0.9794814586639404,0.013600248843431473,0.000271500030066818,0.6665681600570679,950000.0,-0.004963546060025692,9.587360545992851e-05,-0.04366268962621689,0.02015809528529644,-0.0005963966250419617,1.8186535835266113,589.9603271484375,11.349924087524414,19.8239803314209,31.173934936523438,1603.9039306640625
19.45496368408203,51.99399948120117,1000.0,19.0,0.9901133179664612,0.006489131599664688,10.0,1.0001226663589478,0.9793022274971008,0.9793022274971008,0.013737751170992851,0.0002699999895412475,0.6530879735946655,1000000.0,-0.004268211778253317,0.0006953342817723751,-0.11638639122247696,0.018856406211853027,-0.0013016890734434128,1.9342471361160278,621.926025390625,8.132028579711914,23.808841705322266,31.94095230102539,1565.388916015625
20.585819244384766,50.810001373291016,1000.0,20.0,0.970307469367981,0.007065807469189167,10.0,0.9996767640113831,0.9791399836540222,0.9791399836540222,0.013679059222340584,0.00026850003632716835,0.6403216123580933,1050000.0,-0.0048662228509783745,-0.0005980110727250576,0.17025935649871826,0.01874159835278988,-0.0001148078590631485,1.9963200092315674,651.6609497070312,10.06157112121582,19.51647186279297,29.578073501586914,1690.44140625
21.631107330322266,49.65599822998047,1000.0,21.0,0.9525055885314941,0.00700587872415781,10.0,0.9996867775917053,0.9799205660820007,0.9799205660820007,0.013120375573635101,0.0002669999666977674,0.629335880279541,1100000.0,-0.0039492081850767136,0.0009170146659016609,0.012011880986392498,0.017083048820495605,-0.0016585495322942734,2.101400136947632,683.2178344726562,8.11257553100586,23.41997718811035,31.532604217529297,1585.660400390625
22.442522048950195,48.41600036621094,1000.0,22.0,0.9351696968078613,0.007021243218332529,10.0,1.000063180923462,0.9792997241020203,0.9792997241020203,0.013855969533324242,0.00026550001348368824,0.6186309456825256,1150000.0,-0.004684261977672577,-0.0007350537925958633,-0.06091936677694321,0.016899220645427704,-0.0001838281750679016,2.165771245956421,713.474365234375,10.751174926757812,19.4270076751709,30.1782169342041,1656.824462890625
23.072036743164062,48.874000549316406,1000.0,23.0,0.9177846908569336,0.00645186472684145,10.0,0.999663233757019,0.9792174696922302,0.9792174696922302,0.013578511774539948,0.0002639999729581177,0.6080635190010071,1200000.0,-0.004540893714874983,0.00014336826279759407,0.22078534960746765,0.017850277945399284,0.0009510572999715805,2.2125065326690674,744.6732177734375,8.140717506408691,23.036300659179688,31.177099227905273,1603.7410888671875
23.606103897094727,48.007999420166016,1000.0,24.0,0.9008856415748596,0.004893042612820864,10.0,0.999874472618103,0.9801425337791443,0.9801425337791443,0.013173626735806465,0.0002624999906402081,0.598069965839386,1250000.0,-0.003990444354712963,0.0005504493601620197,0.05529002472758293,0.017158763483166695,-0.0006915144622325897,2.278620481491089,775.5526733398438,10.91634464263916,19.78229331970215,30.698673248291016,1628.7349853515625
24.172204971313477,48.13600158691406,1000.0,25.0,0.8838160037994385,0.005947335623204708,10.0,0.9994782209396362,0.9791170358657837,0.9791170358657837,0.01334377471357584,0.00026099997921846807,0.587902307510376,1300000.0,-0.0035246373154222965,0.0004658070392906666,-0.1454383134841919,0.01897794008255005,0.0018191765993833542,2.3255672454833984,805.7593994140625,8.092475891113281,22.091459274291992,30.1839656829834,1656.5087890625
24.568025588989258,47.858001708984375,1000.0,26.0,0.8690405488014221,0.005776460748165846,10.0,0.9994884133338928,0.9792175889015198,0.9792175889015198,0.01351095363497734,0.00025949999690055847,0.579340398311615,1350000.0,-0.004159536678344011,-0.0006348993629217148,0.099315345287323,0.016433164477348328,-0.002544775605201721,2.374931573867798,837.1082153320312,11.66804313659668,19.627897262573242,31.295974731445312,1597.649658203125
24.89029312133789,47.59600067138672,1000.0,27.0,0.8552110195159912,0.005900837481021881,10.0,0.999588131904602,0.9803513884544373,0.9803513884544373,0.01285436563193798,0.0002580000145826489,0.571734607219696,1400000.0,-0.0038850551936775446,0.0002744814846664667,0.0009284615516662598,0.016247769817709923,-0.00018539465963840485,2.4131667613983154,864.6502075195312,8.13493537902832,19.385997772216797,27.520965576171875,1816.796630859375
25.13772964477539,48.284000396728516,1000.0,28.0,0.8460052013397217,0.004999812226742506,10.0,0.9998517036437988,0.9801173806190491,0.9801173806190491,0.013293097727000713,0.0002565000031609088,0.5666673183441162,1450000.0,-0.004016675520688295,-0.00013162032701075077,0.02908245287835598,0.017275920137763023,0.0010281503200531006,2.4373602867126465,897.8004150390625,10.77611255645752,22.350299835205078,33.1264762878418,1509.366943359375
25.386302947998047,48.69599914550781,1000.0,29.0,0.8272936344146729,0.007930407300591469,10.0,0.9999271631240845,0.9801633954048157,0.9801633954048157,0.013210151344537735,0.0002550000208429992,0.5563260912895203,1500000.0,-0.0039618173614144325,5.485815927386284e-05,-0.12421701848506927,0.016804520040750504,-0.00047140009701251984,2.466578483581543,926.4065551757812,8.838187217712402,19.72347640991211,28.561691284179688,1750.596923828125
25.54247283935547,49.444000244140625,1000.0,30.0,0.8081610202789307,0.0055299727246165276,10.0,0.9994993805885315,0.9792315363883972,0.9792315363883972,0.013216483406722546,0.0002534999803174287,0.5458301901817322,1550000.0,-0.003003266640007496,0.0009585507214069366,0.15424063801765442,0.015128614380955696,-0.0016759056597948074,2.488882303237915,959.9786987304688,8.173168182373047,25.377565383911133,33.5507698059082,1490.2789306640625
25.717742919921875,51.19599914550781,1000.0,31.0,0.7954589128494263,0.0046967933885753155,10.0,0.9994107484817505,0.9799731969833374,0.9799731969833374,0.013016670942306519,0.00025200002710334957,0.5390040874481201,1600000.0,-0.003963037393987179,-0.0009597707539796829,0.17523744702339172,0.016123851761221886,0.0009952373802661896,2.5083131790161133,988.7265625,8.603288650512695,20.116073608398438,28.719396591186523,1740.9840087890625
25.87466049194336,50.84199905395508,1000.0,32.0,0.7854021787643433,0.005347225349396467,10.0,1.0000381469726562,0.9805005788803101,0.9805005788803101,0.012930488213896751,0.0002504999574739486,0.5334816575050354,1650000.0,-0.004354211501777172,-0.0003911741077899933,0.0752829909324646,0.01770956441760063,0.001585712656378746,2.5369648933410645,1022.1837768554688,9.854533195495605,23.58072280883789,33.43529510498047,1495.42578125
25.979528427124023,51.05799865722656,1000.0,33.0,0.7727898359298706,0.006951207760721445,10.0,0.9997508525848389,0.9797907471656799,0.9797907471656799,0.013134430162608624,0.00024900000425986946,0.5267330408096313,1700000.0,-0.0032055587507784367,0.0011486527509987354,-0.15394113957881927,0.016935810446739197,-0.0007737539708614349,2.558375358581543,1050.55517578125,8.624692916870117,19.71933937072754,28.34406089782715,1764.037841796875
26.029052734375,51.874000549316406,1000.0,34.0,0.7575973868370056,0.005688791163265705,10.0,1.0006639957427979,0.9812077879905701,0.9812077879905701,0.012756800279021263,0.00024749996373429894,0.5187985301017761,1750000.0,-0.0028703096322715282,0.0003352491185069084,-0.15733592212200165,0.01696605421602726,3.024376928806305e-05,2.561887502670288,1083.9254150390625,8.641340255737305,24.707414627075195,33.34880828857422,1499.303955078125
26.14884376525879,52.36199951171875,1000.0,35.0,0.7482810616493225,0.004990563262254,10.0,0.9998931884765625,0.9804828763008118,0.9804828763008118,0.013133685104548931,0.0002460000105202198,0.5140282511711121,1800000.0,-0.004079870413988829,-0.0012095607817173004,0.07344219088554382,0.017922500148415565,0.0009564459323883057,2.571786403656006,1112.766357421875,8.66977596282959,20.146024703979492,28.815832138061523,1735.1572265625
26.259008407592773,52.54199981689453,1000.0,36.0,0.7357984185218811,0.004549560137093067,10.0,0.9995405077934265,0.980057954788208,0.980057954788208,0.012804356403648853,0.0002445000282023102,0.5075032114982605,1850000.0,-0.0035508207511156797,0.0005290496628731489,0.04758107662200928,0.016863292083144188,-0.0010592080652713776,2.594256639480591,1146.85009765625,10.858342170715332,23.204822540283203,34.063232421875,1467.8583984375
26.312786102294922,53.029998779296875,1000.0,37.0,0.7250871062278748,0.006253226660192013,10.0,0.9993280172348022,0.9796560406684875,0.9796560406684875,0.013117169961333275,0.00024300001678057015,0.5021373629570007,1900000.0,-0.0030268076807260513,0.0005240130703896284,-0.01731138676404953,0.017523905262351036,0.0006606131792068481,2.6062607765197754,1174.828857421875,8.141347885131836,19.814998626708984,27.95638084411621,1788.5006103515625
26.340768814086914,53.917999267578125,1000.0,38.0,0.7170488238334656,0.006395532749593258,10.0,0.9997836947441101,0.9802589416503906,0.9802589416503906,0.012910008430480957,0.0002415000053588301,0.498126745223999,1950000.0,-0.0041097672656178474,-0.0010829595848917961,0.06967061012983322,0.015589096583425999,-0.0019348086789250374,2.623868703842163,1202.791748046875,10.97443962097168,16.96451759338379,27.93898582458496,1789.614013671875
26.419282913208008,53.95000076293945,1000.0,39.0,0.70071941614151,0.006451369263231754,10.0,0.9998967051506042,0.9794253706932068,0.9794253706932068,0.013507712632417679,0.00023999999393709004,0.49015378952026367,2000000.0,-0.004348020534962416,-0.00023825326934456825,0.010028894059360027,0.016536453738808632,0.0009473571553826332,2.6339035034179688,1222.4593505859375,7.6225481033325195,12.024831771850586,19.64740753173828,2544.866455078125
26.437339782714844,54.347999572753906,1000.0,40.0,0.6875733733177185,0.005878436379134655,10.0,0.9994570016860962,0.9789875149726868,0.9789875149726868,0.013425593264400959,0.0002384999970672652,0.4837486147880554,2050000.0,-0.005253312177956104,-0.0009052916429936886,-0.0843719020485878,0.016063373535871506,-0.00047308020293712616,2.640756845474243,1242.0780029296875,7.536771297454834,12.060497283935547,19.5972957611084,2551.373046875
26.407808303833008,54.22200012207031,1000.0,41.0,0.6769278645515442,0.006110054440796375,10.0,0.9993358254432678,0.9795408844947815,0.9795408844947815,0.013310452923178673,0.00023699997109360993,0.478609561920166,2100000.0,-0.004166543483734131,0.0010867686942219734,0.09246470034122467,0.01739085279405117,0.0013274792581796646,2.641733169555664,1261.633056640625,7.693195343017578,11.84382152557373,19.53704261779785,2559.240966796875
26.46856689453125,54.55799865722656,1000.0,42.0,0.6607483625411987,0.0056889839470386505,10.0,0.999656081199646,0.9796047806739807,0.9796047806739807,0.013365907594561577,0.0002355000178795308,0.471171498298645,2150000.0,-0.004472409840673208,-0.0003058663569390774,0.08689875900745392,0.016107356175780296,-0.001283496618270874,2.659086227416992,1281.1142578125,7.521893501281738,11.938371658325195,19.460290908813477,2569.33642578125
26.49974250793457,53.84400177001953,1000.0,43.0,0.6498678922653198,0.006603891961276531,10.0,0.9995507597923279,0.9799501299858093,0.9799501299858093,0.013026142492890358,0.00023400000645779073,0.4661824405193329,2200000.0,-0.004298959858715534,0.00017344998195767403,0.00520740170031786,0.017102686688303947,0.0009953305125236511,2.6694419384002686,1300.58544921875,7.502885341644287,11.944703102111816,19.447616577148438,2571.010498046875
26.488788604736328,52.25199890136719,1000.0,44.0,0.6428552865982056,0.005210486240684986,10.0,1.0001344680786133,0.9808352589607239,0.9808352589607239,0.013002988882362843,0.00023249999503605068,0.4629756212234497,2250000.0,-0.003423839109018445,0.0008751207496970892,0.269527405500412,0.016715191304683685,-0.00038749538362026215,2.6749069690704346,1320.030029296875,7.510199069976807,11.91419506072998,19.424423217773438,2574.07958984375
26.54214859008789,52.89799880981445,1000.0,45.0,0.6355339288711548,0.004980694502592087,10.0,1.0000128746032715,0.9804208278656006,0.9804208278656006,0.013212957419455051,0.00023099998361431062,0.45954400300979614,2300000.0,-0.003095990978181362,0.00032784813083708286,-0.15972605347633362,0.016803083941340446,8.789263665676117e-05,2.6839606761932373,1339.551513671875,7.551218509674072,11.95033073425293,19.501577377319336,2563.896240234375
26.59235954284668,52.763999938964844,1000.0,46.0,0.6262763738632202,0.005257926881313324,10.0,0.9993591904640198,0.9793148040771484,0.9793148040771484,0.013273689895868301,0.00022950000129640102,0.4552750587463379,2350000.0,-0.0038987246807664633,-0.0008027337025851011,0.04868617653846741,0.01591496169567108,-0.0008881222456693649,2.6788413524627686,1359.25146484375,7.572552680969238,12.108077049255371,19.680660247802734,2540.5654296875
26.643089294433594,52.63199996948242,1000.0,47.0,0.6230221390724182,0.0057054427452385426,10.0,0.9995416402816772,0.9793364405632019,0.9793364405632019,0.0136082349345088,0.00022800001897849143,0.45371124148368835,2400000.0,-0.0037688533775508404,0.0001298713032156229,-0.099334217607975,0.017885979264974594,0.0019710175693035126,2.68080997467041,1378.7869873046875,7.648707389831543,11.864160537719727,19.512895584106445,2562.409423828125
26.66151237487793,52.310001373291016,1000.0,48.0,0.616050660610199,0.005119822453707457,10.0,0.9996259212493896,0.9800106287002563,0.9800106287002563,0.01329333521425724,0.00022650000755675137,0.4507014751434326,2450000.0,-0.004691238980740309,-0.0009223856031894684,0.12804050743579865,0.0163289625197649,-0.001557016745209694,2.6825642585754395,1398.1868896484375,7.464909553527832,11.914619445800781,19.37955665588379,2580.038818359375
26.642372131347656,52.33399963378906,1000.0,49.0,0.6021267771720886,0.006296980194747448,10.0,1.000209927558899,0.9799401164054871,0.9799401164054871,0.01354369055479765,0.00022499999613501132,0.4443961977958679,2500000.0,-0.004716093651950359,-2.4854671210050583e-05,0.14725272357463837,0.016272258013486862,-5.6704506278038025e-05,2.6816725730895996,1417.62109375,7.460213661193848,11.954297065734863,19.41453742980957,2575.39013671875
26.65127182006836,52.25400161743164,1000.0,50.0,0.5915483236312866,0.0063297562301158905,10.0,0.9997764825820923,0.9792416095733643,0.9792416095733643,0.013596887700259686,0.00022349998471327126,0.43964794278144836,2550000.0,-0.004395807161927223,0.00032028649002313614,-0.02048608846962452,0.017138104885816574,0.0008658468723297119,2.699554681777954,1437.1881103515625,7.562620639801025,11.983915328979492,19.546560287475586,2557.995361328125
26.654802322387695,51.96200180053711,1000.0,51.0,0.5812727808952332,0.0058494205586612225,10.0,0.9993742108345032,0.9794071912765503,0.9794071912765503,0.013274037279188633,0.00022200003149919212,0.4348685145378113,2600000.0,-0.0034844130277633667,0.0009113941341638565,-0.17646774649620056,0.015930237248539925,-0.0012078676372766495,2.6890056133270264,1456.886474609375,7.564511299133301,12.114373207092285,19.678913116455078,2540.791015625
26.7014102935791,51.43600082397461,1000.0,52.0,0.5721662044525146,0.006481804884970188,10.0,1.0002835988998413,0.9806909561157227,0.9806909561157227,0.012986985966563225,0.00022050000552553684,0.43099352717399597,2650000.0,-0.0035627398174256086,-7.832678966224194e-05,-0.1347818374633789,0.017377078533172607,0.0014468412846326828,2.683166265487671,1476.422607421875,7.472469329833984,12.045969009399414,19.51846694946289,2561.676513671875
26.707029342651367,51.71200180053711,1000.0,53.0,0.5635180473327637,0.006005862262099981,10.0,0.9997396469116211,0.9799814224243164,0.9799814224243164,0.013173490762710571,0.000219000008655712,0.4273703396320343,2700000.0,-0.0030356578063219786,0.0005270820111036301,-0.10127377510070801,0.016104672104120255,-0.001272406429052353,2.6854233741760254,1495.8720703125,7.627886772155762,11.802484512329102,19.430400848388672,2573.2880859375
26.74725341796875,51.90999984741211,1000.0,54.0,0.5568803548812866,0.005884456913918257,10.0,0.999897837638855,0.9800681471824646,0.9800681471824646,0.01348593644797802,0.00021749999723397195,0.4245153069496155,2750000.0,-0.003815945005044341,-0.0007802871987223625,-0.1226530447602272,0.01647423580288887,0.0003695636987686157,2.6876180171966553,1515.374755859375,7.523841857910156,11.960841178894043,19.484710693359375,2566.11474609375
26.729995727539062,52.90999984741211,1000.0,55.0,0.5462707877159119,0.006114486139267683,10.0,0.9996683597564697,0.9791274666786194,0.9791274666786194,0.013784045353531837,0.0002159999858122319,0.41976386308670044,2800000.0,-0.003382063237950206,0.0004338817670941353,0.1726187914609909,0.015498406253755093,-0.0009758295491337776,2.6699674129486084,1534.8978271484375,7.552404880523682,11.950952529907227,19.50338363647461,2563.657958984375
26.726654052734375,53.03200149536133,1000.0,56.0,0.5314001441001892,0.0060873148031532764,10.0,0.9993179440498352,0.9786584973335266,0.9786584973335266,0.013585480861365795,0.0002145000034943223,0.413694828748703,2850000.0,-0.0035466416738927364,-0.00016457843594253063,-0.21967828273773193,0.016833355650305748,0.0013349493965506554,2.678429126739502,1554.4752197265625,7.443304538726807,12.116424560546875,19.559757232666016,2556.269287109375
26.75490379333496,53.7859992980957,1000.0,57.0,0.5219648480415344,0.004946776200085878,10.0,0.999447762966156,0.9797429442405701,0.9797429442405701,0.013280674815177917,0.0002130000211764127,0.40990373492240906,2900000.0,-0.004361424595117569,-0.0008147829212248325,0.19266505539417267,0.01650070585310459,-0.0003326497972011566,2.6784145832061768,1574.0030517578125,7.38549280166626,12.124732971191406,19.51025390625,2562.755126953125
26.772979736328125,53.39799880981445,1000.0,58.0,0.513323187828064,0.006984314881265163,10.0,0.9990345239639282,0.9789681434631348,0.9789681434631348,0.013502487912774086,0.00021150000975467265,0.4062935709953308,2950000.0,-0.0045608715154230595,-0.0001994469203054905,-0.0636737197637558,0.01633690670132637,-0.00016379915177822113,2.688450574874878,1593.53271484375,7.451554298400879,12.057783126831055,19.509363174438477,2562.87255859375
26.74160385131836,54.36199951171875,1000.0,59.0,0.4996686577796936,0.005710695870220661,10.0,0.9992846250534058,0.9784493446350098,0.9784493446350098,0.013866030611097813,0.0002099999983329326,0.40079203248023987,3000000.0,-0.0030165580101311207,0.0015443135052919388,0.010387097485363483,0.016812758520245552,0.0004758518189191818,2.69452166557312,1613.10205078125,7.481725215911865,12.067008018493652,19.54875946044922,2557.70703125
26.707979202270508,54.36000061035156,1000.0,60.0,0.4891098141670227,0.006498632021248341,10.0,0.9998223185539246,0.9792886972427368,0.9792886972427368,0.013588341884315014,0.00020849998691119254,0.39650022983551025,3050000.0,-0.004577904008328915,-0.001561345998197794,0.320629358291626,0.0169808529317379,0.00016809441149234772,2.6843209266662598,1632.68603515625,7.482035160064697,12.082436561584473,19.564496994018555,2555.649658203125
26.706737518310547,54.68600082397461,1000.0,61.0,0.47927242517471313,0.005845553241670132,10.0,0.9997108578681946,0.9791049361228943,0.9791049361228943,0.013765854761004448,0.00020699997548945248,0.3924539089202881,3100000.0,-0.004026772920042276,0.0005511310882866383,-0.01808231882750988,0.015681713819503784,-0.0012991391122341156,2.6896419525146484,1652.193603515625,7.5639142990112305,11.925603866577148,19.489547729492188,2565.478271484375
26.698484420776367,55.92399978637695,1000.0,62.0,0.47153440117836,0.006417018361389637,10.0,0.9999006390571594,0.9800506234169006,0.9800506234169006,0.013416181318461895,0.00020550002227537334,0.3894149363040924,3150000.0,-0.003804545383900404,0.0002222275361418724,-0.014053273014724255,0.0155568178743124,-0.00012489594519138336,2.6949105262756348,1671.7086181640625,7.500115871429443,11.996891021728516,19.49703598022461,2564.49267578125
26.662443161010742,55.7239990234375,1000.0,63.0,0.45474153757095337,0.00620800256729126,10.0,0.9995237588882446,0.9787231683731079,0.9787231683731079,0.01379114668816328,0.00020400001085363328,0.3829927146434784,3200000.0,-0.004005410708487034,-0.00020086532458662987,0.1673685908317566,0.013917910866439342,-0.0016389070078730583,2.6897380352020264,1691.114013671875,7.473544120788574,11.9127836227417,19.386354446411133,2579.134033203125
26.686800003051758,55.097999572753906,1000.0,64.0,0.44469454884529114,0.00643444899469614,10.0,0.9998296499252319,0.9788564443588257,0.9788564443588257,0.014217873103916645,0.00020249999943189323,0.37927553057670593,3250000.0,-0.004553630016744137,-0.000548219308257103,0.01341942511498928,0.01760796271264553,0.003690051846206188,2.7023589611053467,1710.6724853515625,7.553427696228027,11.987627983093262,19.54108428955078,2558.711669921875
26.660186767578125,55.62200164794922,1000.0,65.0,0.43816325068473816,0.006368621252477169,10.0,1.0005744695663452,0.9803226590156555,0.9803226590156555,0.013589942827820778,0.00020099998801015317,0.37679585814476013,3300000.0,-0.003842877224087715,0.0007107527926564217,0.016982728615403175,0.017543595284223557,-6.436742842197418e-05,2.698740243911743,1730.1748046875,7.443300724029541,12.03986930847168,19.48319435119629,2566.314697265625
26.67257308959961,55.35599899291992,1000.0,66.0,0.42934486269950867,0.00687510147690773,10.0,0.9994946718215942,0.9787365794181824,0.9787365794181824,0.013879334554076195,0.00019950000569224358,0.3735969662666321,3350000.0,-0.004343181848526001,-0.0005003046244382858,-0.0023350596893578768,0.017260387539863586,-0.0002832077443599701,2.711196184158325,1749.8265380859375,7.5841193199157715,12.048813819885254,19.63296127319336,2546.73779296875
26.678421020507812,55.11800003051758,1000.0,67.0,0.4248724579811096,0.005169212818145752,10.0,0.9997054934501648,0.9793946743011475,0.9793946743011475,0.01370462030172348,0.00019799999427050352,0.3719537854194641,3400000.0,-0.0042258091270923615,0.00011737272143363953,0.03358740732073784,0.016885731369256973,-0.00037465617060661316,2.718766927719116,1769.3199462890625,7.486300468444824,11.989103317260742,19.47543716430664,2567.3369140625
26.70906639099121,54.06999969482422,1000.0,68.0,0.41499704122543335,0.007105759344995022,10.0,1.0003318786621094,0.9796374440193176,0.9796374440193176,0.013929006643593311,0.00019650001195259392,0.36810407042503357,3450000.0,-0.004312628880143166,-8.681975305080414e-05,-0.04802965372800827,0.016694113612174988,-0.00019161775708198547,2.7175440788269043,1788.731201171875,7.498490333557129,11.894431114196777,19.3929443359375,2578.25732421875
26.710969924926758,53.6879997253418,1000.0,69.0,0.404163658618927,0.005651138257235289,10.0,0.9995120763778687,0.9793214201927185,0.9793214201927185,0.013362877070903778,0.00019499998597893864,0.3640443682670593,3500000.0,-0.0035394851583987474,0.0007731437217444181,0.02240649051964283,0.01586778834462166,-0.0008263252675533295,2.7104685306549072,1808.1829833984375,7.413193702697754,12.021557807922363,19.43478012084961,2572.707763671875
26.678682327270508,53.604000091552734,1000.0,70.0,0.39389440417289734,0.006845393218100071,10.0,0.9994282126426697,0.9798579216003418,0.9798579216003418,0.013043160550296307,0.0001934999891091138,0.3603517711162567,3550000.0,-0.004572354257106781,-0.0010328690987080336,-0.017684627324342728,0.01524706557393074,-0.000620722770690918,2.712999105453491,1827.680419921875,7.5285325050354,11.945460319519043,19.474023818969727,2567.524658203125
26.66750717163086,53.827999114990234,1000.0,71.0,0.3835696280002594,0.005598675925284624,10.0,0.9995967149734497,0.9795664548873901,0.9795664548873901,0.013638225384056568,0.00019200002134311944,0.3565328121185303,3600000.0,-0.0045288726687431335,4.348158836364746e-05,0.09313996136188507,0.01589796505868435,0.0006508994847536087,2.7092480659484863,1847.232177734375,7.458455562591553,12.072088241577148,19.53057289123535,2560.089111328125
26.722030639648438,51.88199996948242,1000.0,72.0,0.37081223726272583,0.00716861616820097,10.0,0.9994208812713623,0.9789566993713379,0.9789566993713379,0.013421102426946163,0.00019049998081754893,0.35203129053115845,3650000.0,-0.004084532614797354,0.0004443400539457798,-0.020398283377289772,0.017255030572414398,0.0013570655137300491,2.713167190551758,1866.8853759765625,7.644132137298584,11.984314918518066,19.628469467163086,2547.3232421875
26.751235961914062,52.178001403808594,1000.0,73.0,0.36041533946990967,0.006382402032613754,10.0,0.999265730381012,0.9786635637283325,0.9786635637283325,0.01376430969685316,0.00018900001305155456,0.3483871519565582,3700000.0,-0.004628562368452549,-0.0005440297536551952,0.1069721132516861,0.016776345670223236,-0.0004786849021911621,2.702465534210205,1886.394775390625,7.548789978027344,11.942678451538086,19.491497039794922,2565.22119140625
26.764955520629883,51.332000732421875,1000.0,74.0,0.3586882948875427,0.005663377232849598,10.0,0.9997297525405884,0.9790485501289368,0.9790485501289368,0.013821066357195377,0.00018750001618172973,0.34776821732521057,3750000.0,-0.0039922092109918594,0.0006363531574606895,0.010759593918919563,0.015052328817546368,-0.0017240168526768684,2.7132577896118164,1905.8726806640625,7.601890563964844,11.857759475708008,19.459674835205078,2569.415771484375
26.79592514038086,51.27000045776367,1000.0,75.0,0.3483458161354065,0.007748845033347607,10.0,0.9998917579650879,0.9788121581077576,0.9788121581077576,0.013982131145894527,0.00018600000475998968,0.3441842794418335,3800000.0,-0.005078666843473911,-0.0010864576324820518,0.07607373595237732,0.016527550294995308,0.0014752214774489403,2.710618495941162,1925.3564453125,7.43328332901001,12.032175064086914,19.465482711791992,2568.649169921875
26.787826538085938,51.5880012512207,1000.0,76.0,0.33709916472435,0.008025327697396278,10.0,0.9998409152030945,0.9794256091117859,0.9794256091117859,0.013549933210015297,0.00018449999333824962,0.34031370282173157,3850000.0,-0.004425668623298407,0.0006529982201755047,0.16950640082359314,0.015382621437311172,-0.0011449288576841354,2.7044284343719482,1944.915283203125,7.5554938316345215,11.984786987304688,19.540307998657227,2558.813232421875
26.836307525634766,51.58599853515625,1000.0,77.0,0.33034607768058777,0.009251751936972141,10.0,0.9995221495628357,0.9792501926422119,0.9792501926422119,0.013543144799768925,0.0001829999964684248,0.3380778729915619,3900000.0,-0.0038402441423386335,0.0005854244809597731,0.00025424957857467234,0.016837265342473984,0.0014546439051628113,2.707911968231201,1964.413330078125,7.584261894226074,11.895934104919434,19.480224609375,2566.70556640625
26.86927032470703,52.16999816894531,1000.0,78.0,0.319036602973938,0.006707685999572277,10.0,1.000242829322815,0.979465126991272,0.979465126991272,0.01391341257840395,0.00018149999959859997,0.3342495262622833,3950000.0,-0.0042170146480202675,-0.00037677050568163395,0.0057889907620847225,0.017446422949433327,0.000609157606959343,2.7108168601989746,1984.0009765625,7.397744655609131,12.169488906860352,19.567262649536133,2555.289794921875
26.873817443847656,51.58399963378906,1000.0,79.0,0.3077820837497711,0.00549444230273366,10.0,0.9997087121009827,0.9785388112068176,0.9785388112068176,0.01406139973551035,0.00017999998817685992,0.3303839862346649,4000000.0,-0.003845483297482133,0.0003715313505381346,-0.02129940688610077,0.01781804859638214,0.0003716256469488144,2.7179434299468994,2003.4580078125,7.443459510803223,11.992204666137695,19.435691833496094,2572.587158203125
26.866113662719727,51.900001525878906,1000.0,80.0,0.2994312345981598,0.00742738414555788,10.0,1.0000711679458618,0.9791431427001953,0.9791431427001953,0.014079144224524498,0.0001784999913070351,0.32763826847076416,4050000.0,-0.0043043517507612705,-0.0004588684532791376,0.04052373394370079,0.017940711230039597,0.00012266263365745544,2.7240419387817383,2022.949951171875,7.461752891540527,12.011226654052734,19.473011016845703,2567.656982421875
26.871477127075195,52.481998443603516,1000.0,81.0,0.28865280747413635,0.007385514676570892,10.0,0.9999551773071289,0.9794520139694214,0.9794520139694214,0.013774510473012924,0.00017699997988529503,0.3241216838359833,4100000.0,-0.00421820068731904,8.615106344223022e-05,-0.06069363281130791,0.017391107976436615,-0.0005496032536029816,2.72269868850708,2042.542236328125,7.463250160217285,12.110897064208984,19.574169158935547,2554.386474609375
26.863351821899414,53.492000579833984,1000.0,82.0,0.2808089852333069,0.007290736772119999,10.0,0.9998201131820679,0.9790984988212585,0.9790984988212585,0.013967943377792835,0.00017550001211930066,0.3214901089668274,4150000.0,-0.004634852521121502,-0.0004166518338024616,0.08435700088739395,0.015206458978354931,-0.002184648998081684,2.728376626968384,2062.14453125,7.50314998626709,12.080169677734375,19.583351135253906,2553.189697265625
26.872169494628906,53.077999114990234,1000.0,83.0,0.2712197005748749,0.006362282671034336,10.0,1.000523567199707,0.9800668358802795,0.9800668358802795,0.013776605948805809,0.00017400001524947584,0.3183118999004364,4200000.0,-0.003729627700522542,0.0009052248205989599,0.05378546193242073,0.015066934749484062,-0.00013952422887086868,2.72666597366333,2081.69580078125,7.556588172912598,11.975129127502441,19.53174591064453,2559.93603515625
26.84284782409668,53.992000579833984,1000.0,84.0,0.2586785554885864,0.006780203431844711,10.0,0.9998735785484314,0.979523241519928,0.979523241519928,0.01370364148169756,0.000172500018379651,0.31420251727104187,4250000.0,-0.0050512454472482204,-0.0013216177467256784,0.14542753994464874,0.016831159591674805,0.0017642248421907425,2.722831964492798,2101.25537109375,7.512897491455078,12.026690483093262,19.539615631103516,2558.90478515625
26.85675621032715,53.8120002746582,1000.0,85.0,0.24818019568920135,0.005705479998141527,10.0,0.999999463558197,0.9788139462471008,0.9788139462471008,0.013976050540804863,0.00017100000695791095,0.31085649132728577,4300000.0,-0.0055274758487939835,-0.000476230401545763,-0.07729913294315338,0.016108928248286247,-0.0007222313433885574,2.7267825603485107,2120.812744140625,7.5336174964904785,12.003132820129395,19.53677749633789,2559.276611328125
26.8370304107666,53.790000915527344,1000.0,86.0,0.23673804104328156,0.006540385074913502,10.0,0.9994449019432068,0.9790216088294983,0.9790216088294983,0.013855820521712303,0.0001694999955361709,0.307308554649353,4350000.0,-0.0036846494767814875,0.001842826372012496,-0.04797797277569771,0.01567421853542328,-0.00043470971286296844,2.7211997509002686,2140.43408203125,7.5339155197143555,12.067415237426758,19.60135841369629,2550.8447265625
26.82849884033203,53.71200180053711,1000.0,87.0,0.22567927837371826,0.007683798670768738,10.0,0.9998446702957153,0.9788946509361267,0.9788946509361267,0.014142956584692001,0.00016799999866634607,0.30385899543762207,4400000.0,-0.004154018126428127,-0.0004693686496466398,0.057294122874736786,0.015688056126236916,1.383759081363678e-05,2.7066116333007812,2160.01220703125,7.539462089538574,12.018163681030273,19.55765151977539,2556.545166015625
26.838237762451172,54.262001037597656,1000.0,88.0,0.21499121189117432,0.0073225004598498344,10.0,0.9995667338371277,0.9782242774963379,0.9782242774963379,0.014385584741830826,0.00016650000179652125,0.30053338408470154,4450000.0,-0.004991447553038597,-0.0008374294266104698,-0.1755266934633255,0.017539361491799355,0.001851305365562439,2.711057424545288,2180.11474609375,7.5503644943237305,12.533397674560547,20.083789825439453,2489.570068359375
26.829395294189453,53.49399948120117,1000.0,89.0,0.20711900293827057,0.006283256225287914,10.0,0.9994754791259766,0.9788506031036377,0.9788506031036377,0.013911599293351173,0.0001649999903747812,0.2980496287345886,4500000.0,-0.004057637415826321,0.0009338101372122765,-0.0043807788752019405,0.016542892903089523,-0.0009964685887098312,2.7075371742248535,2199.84423828125,7.546011447906494,12.165063858032227,19.711103439331055,2536.641845703125
26.810583114624023,53.21200180053711,1000.0,90.0,0.19864918291568756,0.006126411259174347,10.0,0.9999527335166931,0.9795226454734802,0.9795226454734802,0.014011616818606853,0.00016349997895304114,0.2954988479614258,4550000.0,-0.005051315762102604,-0.0009936783462762833,0.11204280704259872,0.016476541757583618,-6.635114550590515e-05,2.7066845893859863,2219.39208984375,7.444129943847656,12.082481384277344,19.526639938354492,2560.60595703125
26.8019962310791,53.24599838256836,1000.0,91.0,0.19489024579524994,0.007589445449411869,10.0,0.9990113377571106,0.978806734085083,0.978806734085083,0.013632532209157944,0.0001619999820832163,0.2943739593029022,4600000.0,-0.0037866379134356976,0.0012646778486669064,-0.09298929572105408,0.017300302162766457,0.0008237604051828384,2.701378345489502,2238.90576171875,7.557347774505615,11.935150146484375,19.49252700805664,2565.087158203125
26.805313110351562,53.86199951171875,1000.0,92.0,0.1903657168149948,0.005679530091583729,10.0,1.0002316236495972,0.979673445224762,0.979673445224762,0.01373918354511261,0.00016049998521339148,0.2930552363395691,4650000.0,-0.00466248020529747,-0.0008758422918617725,-0.06507975608110428,0.016122030094265938,-0.0011782720685005188,2.703291654586792,2258.48291015625,7.534533500671387,12.023255348205566,19.557819366455078,2556.52294921875
26.795427322387695,54.130001068115234,1000.0,93.0,0.18410514295101166,0.0068092430010437965,10.0,0.9995862245559692,0.978946328163147,0.978946328163147,0.013963798061013222,0.0001590000174473971,0.2913067042827606,4700000.0,-0.00459712790325284,6.535230204463005e-05,-0.07111437618732452,0.015551941469311714,-0.0005700886249542236,2.7112619876861572,2278.496826171875,7.524044990539551,12.469552993774414,19.99362564086914,2500.797607421875
26.782073974609375,53.88399887084961,1000.0,94.0,0.17989541590213776,0.007013694383203983,10.0,0.9996129274368286,0.9791966676712036,0.9791966676712036,0.013821383938193321,0.00015750002057757229,0.2901405394077301,4750000.0,-0.004091376904398203,0.0005057509988546371,-0.07210072129964828,0.016654742881655693,0.0011028014123439789,2.7141366004943848,2298.05419921875,7.488893032073975,12.048605918884277,19.537527084350586,2559.17822265625
26.813928604125977,55.0620002746582,1000.0,95.0,0.17237332463264465,0.007777670864015818,10.0,0.9999978542327881,0.9796406626701355,0.9796406626701355,0.013704290613532066,0.00015600000915583223,0.2879740595817566,4800000.0,-0.0043378970585763454,-0.00024652015417814255,0.023059193044900894,0.01681654527783394,0.00016180239617824554,2.704235553741455,2317.5732421875,7.5022430419921875,11.998810768127441,19.501079559326172,2563.96044921875
26.814420700073242,54.47600173950195,1000.0,96.0,0.1596824824810028,0.006945912726223469,10.0,0.9991223216056824,0.97868412733078,0.97868412733078,0.013765919022262096,0.00015449999773409218,0.284329891204834,4850000.0,-0.0056630754843354225,-0.001325178425759077,0.06516934931278229,0.015616968274116516,-0.0011995770037174225,2.7160799503326416,2337.057861328125,7.489501953125,11.976861953735352,19.466392517089844,2568.529541015625
26.837629318237305,54.93199920654297,1000.0,97.0,0.14517521858215332,0.010381431318819523,10.0,1.0002663135528564,0.9789960384368896,0.9789960384368896,0.014288614504039288,0.00015300000086426735,0.28022339940071106,4900000.0,-0.004232004750519991,0.0014310707338154316,0.05299126356840134,0.016039371490478516,0.0004224032163619995,2.7088687419891357,2356.4375,7.398841857910156,11.963260650634766,19.36212921142578,2582.360595703125
26.87110137939453,55.17599868774414,1000.0,98.0,0.13191643357276917,0.006388702429831028,10.0,0.9995003342628479,0.9785194396972656,0.9785194396972656,0.014091895893216133,0.00015150000399444252,0.2764956057071686,4950000.0,-0.005024247337132692,-0.0007922425866127014,0.032665375620126724,0.01709296554327011,0.0010535940527915955,2.7269175052642822,2375.90576171875,7.483872890472412,11.966750144958496,19.450653076171875,2570.60791015625
26.89484214782715,55.25199890136719,1000.0,99.0,0.12175702303647995,0.006359141319990158,10.0,0.9993180632591248,0.9784979224205017,0.9784979224205017,0.013811727985739708,0.00014999999257270247,0.273646742105484,5000000.0,-0.004138723481446505,0.0008855238556861877,-0.02122591622173786,0.01720774546265602,0.00011477991938591003,2.714637517929077,2395.467529296875,7.61572265625,11.928628921508789,19.54438018798828,2558.28076171875
26.898279190063477,55.72999954223633,1000.0,100.0,0.10925919562578201,0.007372834719717503,10.0,1.000001311302185,0.978756844997406,0.978756844997406,0.014093575067818165,0.0001484999811509624,0.2702139616012573,5050000.0,-0.005099241156131029,-0.0009605176746845245,0.08620311319828033,0.015701593831181526,-0.001506151631474495,2.719770908355713,2414.99658203125,7.563611030578613,11.946390151977539,19.510028839111328,2562.78466796875
26.901506423950195,55.784000396728516,1000.0,101.0,0.09960978478193283,0.005980002693831921,10.0,1.0000228881835938,0.9792662858963013,0.9792662858963013,0.013912811875343323,0.00014699998428113759,0.2676164209842682,5100000.0,-0.004397472832351923,0.0007017683237791061,0.11646924167871475,0.015021133236587048,-0.0006804605945944786,2.714801788330078,2434.60498046875,7.584591865539551,12.001110076904297,19.58572769165039,2552.880615234375
26.915388107299805,55.060001373291016,1000.0,102.0,0.09042498469352722,0.005752979312092066,10.0,0.9997843503952026,0.9790495038032532,0.9790495038032532,0.013894567266106606,0.00014550001651514322,0.2651117146015167,5150000.0,-0.0040781451389193535,0.0003193276934325695,0.03885785490274429,0.01773112267255783,0.0027099894359707832,2.724146842956543,2454.0087890625,7.525465488433838,11.857831954956055,19.383325576782227,2579.53759765625
26.884538650512695,54.518001556396484,1000.0,103.0,0.0787263959646225,0.007227194495499134,10.0,0.9995934963226318,0.9788045287132263,0.9788045287132263,0.013858203776180744,0.0001440000196453184,0.2619990110397339,5200000.0,-0.004162897355854511,-8.475221693515778e-05,0.005999052431434393,0.016536770388484,-0.0011943522840738297,2.7264509201049805,2473.54833984375,7.601441860198975,11.91889476776123,19.52036476135254,2561.42822265625
26.889419555664062,53.7239990234375,1000.0,104.0,0.06738440692424774,0.006125210784375668,10.0,0.9996502995491028,0.9786537885665894,0.9786537885665894,0.013901220634579659,0.00014250000822357833,0.2590281069278717,5250000.0,-0.00395156629383564,0.0002113310620188713,-0.07514770328998566,0.016757270321249962,0.0002204999327659607,2.7251224517822266,2493.1455078125,7.5479021072387695,12.031811714172363,19.579742431640625,2553.659912109375
26.848371505737305,54.0099983215332,1000.0,105.0,0.0569080151617527,0.006876884959638119,10.0,0.9996559023857117,0.9789446592330933,0.9789446592330933,0.014020259492099285,0.0001410000113537535,0.25631409883499146,5300000.0,-0.004397273994982243,-0.00044570770114660263,0.04778049513697624,0.01398974284529686,-0.002767527475953102,2.7172958850860596,2512.661865234375,7.507262229919434,11.991752624511719,19.499040603637695,2564.228759765625
26.86897087097168,52.965999603271484,1000.0,106.0,0.04530659317970276,0.008109665475785732,10.0,0.9998177886009216,0.9781924486160278,0.9781924486160278,0.014523619785904884,0.00013949999993201345,0.2533684968948364,5350000.0,-0.004718063864856958,-0.0003207898698747158,0.1898617446422577,0.018010597676038742,0.004020854830741882,2.718853712081909,2532.30615234375,7.5235090255737305,12.102965354919434,19.626502990722656,2547.57568359375
26.834299087524414,53.2859992980957,1000.0,107.0,0.034157492220401764,0.006669375114142895,10.0,0.9992589950561523,0.9780568480491638,0.9780568480491638,0.014368046075105667,0.00013800000306218863,0.25052890181541443,5400000.0,-0.0040362561121582985,0.0006818077526986599,0.02502690814435482,0.015561996959149837,-0.0024486007168889046,2.7125892639160156,2551.75341796875,7.48041296005249,11.948704719543457,19.42914390563965,2573.45361328125
26.83511734008789,53.45399856567383,1000.0,108.0,0.02383473329246044,0.008463507518172264,10.0,0.9991022944450378,0.9774994850158691,0.9774994850158691,0.014195325784385204,0.0001365000061923638,0.24793240427970886,5450000.0,-0.00532161071896553,-0.001285354606807232,0.07719258964061737,0.01591417007148266,0.0003521731123328209,2.7126975059509277,2571.143310546875,7.486642360687256,11.884988784790039,19.371660232543945,2581.09033203125
26.816688537597656,53.84000015258789,1000.0,109.0,0.014786964282393456,0.008274576626718044,10.0,1.000230073928833,0.9798920154571533,0.9798920154571533,0.01361958496272564,0.00013499999477062374,0.2456531971693039,5500000.0,-0.0036569484509527683,0.001664662268012762,-0.18475459516048431,0.015003177337348461,-0.0009109927341341972,2.712923765182495,2590.57763671875,7.543574333190918,11.873563766479492,19.41716766357422,2575.041015625
26.795312881469727,53.597999572753906,1000.0,110.0,0.009935064241290092,0.007123158313333988,10.0,0.9994736909866333,0.9785932898521423,0.9785932898521423,0.013935965485870838,0.0001334999833488837,0.24444299936294556,5550000.0,-0.004395417403429747,-0.0007384689524769783,-0.009609830565750599,0.01692204363644123,0.0019188662990927696,2.7142832279205322,2609.971435546875,7.51525354385376,11.861100196838379,19.37638282775879,2580.46142578125
26.807735443115234,52.917999267578125,1000.0,111.0,0.0008474773494526744,0.006290207616984844,10.0,1.000110149383545,0.9794677495956421,0.9794677495956421,0.01386510580778122,0.00013199998647905886,0.24222472310066223,5600000.0,-0.0056383502669632435,-0.0012429328635334969,-0.0605909638106823,0.015942996367812157,-0.000979047268629074,2.7235023975372314,2629.444580078125,7.546835422515869,11.908407211303711,19.455270767211914,2569.998046875
26.776020050048828,53.49399948120117,1000.0,112.0,-0.009400074370205402,0.006942258216440678,10.0,0.9995364546775818,0.9784634709358215,0.9784634709358215,0.014167123474180698,0.00013049998960923404,0.23973515629768372,5650000.0,-0.005398548673838377,0.00023980159312486649,0.09826071560382843,0.015749149024486542,-0.00019384734332561493,2.7154362201690674,2648.89892578125,7.445936679840088,11.98634147644043,19.43230628967285,2573.035888671875
26.774511337280273,53.49399948120117,1000.0,113.0,-0.01866600476205349,0.006596670486032963,10.0,0.999919056892395,0.9789291024208069,0.9789291024208069,0.014231703244149685,0.00012900000729132444,0.2375275194644928,5700000.0,-0.004073631018400192,0.0013249176554381847,0.025154611095786095,0.01607043296098709,0.0003212839365005493,2.7116587162017822,2668.436767578125,7.422858238220215,12.094141006469727,19.51702880859375,2561.8662109375
26.793495178222656,53.1879997253418,1000.0,114.0,-0.030681557953357697,0.006954940501600504,10.0,0.9991315603256226,0.97853022813797,0.97853022813797,0.013581788167357445,0.0001275000104214996,0.2346959412097931,5750000.0,-0.004705609753727913,-0.0006319787353277206,-0.0810268372297287,0.01653890125453472,0.0004684682935476303,2.716761589050293,2688.03076171875,7.584653377532959,11.988792419433594,19.573474884033203,2554.478271484375
26.818910598754883,53.65599822998047,1000.0,115.0,-0.04196112975478172,0.006838290952146053,10.0,0.9994056820869446,0.9793962836265564,0.9793962836265564,0.013526661321520805,0.00012600001355167478,0.2320617139339447,5800000.0,-0.004801793023943901,-9.618327021598816e-05,0.0502806194126606,0.01594451069831848,-0.0005943905562162399,2.7150509357452393,2707.54248046875,7.459205627441406,12.034921646118164,19.494157791137695,2564.87158203125
26.84316062927246,54.597999572753906,1000.0,116.0,-0.04694201052188873,0.00799234863370657,10.0,0.998972475528717,0.9770591259002686,0.9770591259002686,0.014927041716873646,0.00012450000212993473,0.23089784383773804,5850000.0,-0.004293579608201981,0.0005082134157419205,-0.053301431238651276,0.017454858869314194,0.0015103481709957123,2.7013261318206787,2727.024169921875,7.496306419372559,11.967247009277344,19.463581085205078,2568.90087890625
26.873353958129883,53.15800094604492,1000.0,117.0,-0.05117124691605568,0.007185610476881266,10.0,0.9993870258331299,0.9788973927497864,0.9788973927497864,0.013755095191299915,0.0001230000052601099,0.2299199253320694,5900000.0,-0.0053772516548633575,-0.001083672046661377,0.15849485993385315,0.01618018001317978,-0.0012746788561344147,2.7052724361419678,2746.6328125,7.538235664367676,12.05270004272461,19.59096336364746,2552.197265625
26.899145126342773,53.06800079345703,1000.0,118.0,-0.05673796683549881,0.006484861485660076,10.0,0.998889684677124,0.9782039523124695,0.9782039523124695,0.013811171986162663,0.00012150000839028507,0.228633850812912,5950000.0,-0.005096946842968464,0.00028030481189489365,0.10434816777706146,0.016696127131581306,0.0005159471184015274,2.7228968143463135,2766.07861328125,7.497087001800537,11.927461624145508,19.424575805664062,2574.0595703125
26.884807586669922,52.42399978637695,1000.0,119.0,-0.0640144869685173,0.0062925731763243675,10.0,0.9997035264968872,0.9792637228965759,0.9792637228965759,0.013685109093785286,0.00011999999696854502,0.226975217461586,6000000.0,-0.005571620538830757,-0.00047467369586229324,0.3205804228782654,0.014933085069060326,-0.0017630420625209808,2.731228828430176,2785.571533203125,7.4600701332092285,12.008065223693848,19.468162536621094,2568.29833984375
26.92426300048828,52.13600158691406,1000.0,120.0,-0.07421325892210007,0.006035358179360628,10.0,0.9996349811553955,0.9794296622276306,0.9794296622276306,0.013542297296226025,0.00011849998554680496,0.22467240691184998,6050000.0,-0.004247213248163462,0.0013244072906672955,0.033295080065727234,0.016048992052674294,0.001115906983613968,2.733098030090332,2805.1005859375,7.574860572814941,11.933235168457031,19.508121490478516,2563.0361328125
26.935855865478516,51.731998443603516,1000.0,121.0,-0.08351833373308182,0.007230849005281925,10.0,1.000239372253418,0.9791523814201355,0.9791523814201355,0.014206526800990105,0.00011700000322889537,0.2225923091173172,6100000.0,-0.004287434741854668,-4.022149369120598e-05,-0.09507281333208084,0.016922026872634888,0.0008730348199605942,2.7254371643066406,2824.61669921875,7.520272731781006,11.975967407226562,19.496267318725586,2564.59423828125
26.957721710205078,52.13999938964844,1000.0,122.0,-0.09235653281211853,0.009060964919626713,10.0,0.9999582767486572,0.979594349861145,0.979594349861145,0.013629348948597908,0.00011549999180715531,0.22062960267066956,6150000.0,-0.004681639838963747,-0.00039420509710907936,0.08263372629880905,0.016761552542448044,-0.00016047433018684387,2.7219491004943848,2844.234375,7.598951816558838,12.000081062316895,19.599058151245117,2551.14306640625
26.924776077270508,53.66600036621094,1000.0,123.0,-0.10308420658111572,0.0060570198111236095,10.0,1.0005723237991333,0.9805423617362976,0.9805423617362976,0.013331325724720955,0.00011400000948924571,0.21827451884746552,6200000.0,-0.004655967000871897,2.567283809185028e-05,0.03333677724003792,0.016257887706160545,-0.0005036648362874985,2.7153663635253906,2863.7802734375,7.575730800628662,11.952547073364258,19.528303146362305,2560.38623046875
26.943981170654297,54.145999908447266,1000.0,124.0,-0.1126367375254631,0.0065780701115727425,10.0,0.9999685883522034,0.9796217679977417,0.9796217679977417,0.0137802604585886,0.00011249999806750566,0.21619842946529388,6250000.0,-0.00489714415743947,-0.00024117715656757355,-0.004102767910808325,0.016681093722581863,0.00042320601642131805,2.7173221111297607,2883.282470703125,7.653173923492432,11.830778121948242,19.48398208618164,2566.210693359375
26.947174072265625,53.37200164794922,1000.0,125.0,-0.12174297124147415,0.005783450789749622,10.0,1.0000134706497192,0.9797863960266113,0.9797863960266113,0.013466021977365017,0.00011100001574959606,0.21423693001270294,6300000.0,-0.004339159000664949,0.0005579851567745209,0.017198048532009125,0.016199402511119843,-0.0004816912114620209,2.721949338912964,2902.783447265625,7.5189924240112305,11.959390640258789,19.478408813476562,2566.94580078125
26.9808406829834,53.9900016784668,1000.0,126.0,-0.12851446866989136,0.005946747027337551,10.0,0.9998461604118347,0.9792042970657349,0.9792042970657349,0.014138513244688511,0.000109500004327856,0.21279004216194153,6350000.0,-0.004202873446047306,0.00013628555461764336,-0.12114359438419342,0.01656760834157467,0.00036820583045482635,2.7217893600463867,2922.18359375,7.428684234619141,11.952539443969727,19.38125228881836,2579.81298828125
26.993988037109375,54.42399978637695,1000.0,127.0,-0.13474485278129578,0.00618018489331007,10.0,0.9995101690292358,0.9783841967582703,0.9783841967582703,0.013953302055597305,0.00010799999290611595,0.21146979928016663,6400000.0,-0.004854668863117695,-0.0006517954170703888,0.004582226742058992,0.01684412732720375,0.0002765189856290817,2.7225489616394043,2941.73486328125,7.578133583068848,11.953581809997559,19.531742095947266,2559.935791015625
27.001667022705078,53.507999420166016,1000.0,128.0,-0.1452290415763855,0.006585526280105114,10.0,1.0002394914627075,0.9798524975776672,0.9798524975776672,0.013733689673244953,0.00010650001058820635,0.2092674970626831,6450000.0,-0.004628985654562712,0.00022568320855498314,-0.09643396735191345,0.016457999125123024,-0.0003861282020807266,2.7254128456115723,2961.42529296875,7.657401084899902,12.016331672668457,19.67376136779785,2541.456298828125
26.982513427734375,54.262001037597656,1000.0,129.0,-0.15346458554267883,0.005857446230947971,10.0,1.0001484155654907,0.9799988269805908,0.9799988269805908,0.01372408028692007,0.0001049999991664663,0.20754697918891907,6500000.0,-0.004248301964253187,0.00038068369030952454,-0.22751553356647491,0.01761753298342228,0.0011595338582992554,2.7214243412017822,2981.0166015625,7.499802589416504,12.072941780090332,19.572772979736328,2554.569580078125
26.97597312927246,55.02399826049805,1000.0,130.0,-0.1587001532316208,0.00525315199047327,10.0,1.0000382661819458,0.9796003699302673,0.9796003699302673,0.013924810104072094,0.00010349998774472624,0.20646266639232635,6550000.0,-0.004746914841234684,-0.0004986128769814968,-0.07482688874006271,0.01615563966333866,-0.0014618933200836182,2.7124905586242676,3000.575439453125,7.498396396636963,12.042961120605469,19.541385650634766,2558.67236328125
26.995012283325195,56.50600051879883,1000.0,131.0,-0.1651841551065445,0.005436386447399855,10.0,0.9992539286613464,0.9782128930091858,0.9782128930091858,0.0139720244333148,0.00010200000542681664,0.20513002574443817,6600000.0,-0.005003053694963455,-0.0002561388537287712,-0.11189093440771103,0.016058607026934624,-9.703263640403748e-05,2.7121286392211914,3020.089111328125,7.60757303237915,11.887551307678223,19.49515151977539,2564.740478515625
26.993988037109375,57.198001861572266,1000.0,132.0,-0.17584310472011566,0.007250185124576092,10.0,0.9996539354324341,0.9788175821304321,0.9788175821304321,0.014108513481914997,0.00010049999400507659,0.2029585838317871,6650000.0,-0.005298941861838102,-0.00029588816687464714,0.15902766585350037,0.0158719290047884,-0.00018667802214622498,2.7096400260925293,3039.525146484375,7.486911773681641,11.930392265319824,19.41733169555664,2575.019287109375
26.9311466217041,56.816001892089844,1000.0,133.0,-0.18532386422157288,0.006740729324519634,10.0,1.0002559423446655,0.9802861213684082,0.9802861213684082,0.013433240354061127,9.899999713525176e-05,0.20104268193244934,6700000.0,-0.005407131742686033,-0.00010818988084793091,0.11707031726837158,0.01775866374373436,0.001886734738945961,2.715287446975708,3059.074951171875,7.416406154632568,12.1132173538208,19.529653549194336,2560.210205078125
26.943965911865234,56.560001373291016,1000.0,134.0,-0.1911783218383789,0.006211176980286837,10.0,0.9999197125434875,0.9800785779953003,0.9800785779953003,0.013340836390852928,9.749999298946932e-05,0.19987179338932037,6750000.0,-0.004339201841503382,0.0010679299011826515,-0.16695640981197357,0.017088240012526512,-0.0006704237312078476,2.717845916748047,3078.616455078125,7.569075584411621,11.951748847961426,19.520849227905273,2561.36474609375
26.920881271362305,55.97999954223633,1000.0,135.0,-0.19710788130760193,0.006784551776945591,10.0,0.999642550945282,0.9798222184181213,0.9798222184181213,0.013094326481223106,9.600001067155972e-05,0.19869554042816162,6800000.0,-0.004727842286229134,-0.0003886404447257519,-0.05439196154475212,0.01728890836238861,0.0002006683498620987,2.7091224193573,3098.184814453125,7.483839988708496,12.065386772155762,19.54925537109375,2557.642822265625
26.92210578918457,55.22999954223633,1000.0,136.0,-0.20405025780200958,0.005695655010640621,10.0,0.9999065399169922,0.9799809455871582,0.9799809455871582,0.01358563732355833,9.450000652577728e-05,0.19731871783733368,6850000.0,-0.005042246542870998,-0.0003144042566418648,0.17219483852386475,0.018475567921996117,0.0011866595596075058,2.7124791145324707,3117.775634765625,7.500988960266113,12.072715759277344,19.573732376098633,2554.44384765625
26.864368438720703,54.61000061035156,1000.0,137.0,-0.21105746924877167,0.006798299960792065,10.0,0.9993901252746582,0.9787120223045349,0.9787120223045349,0.01372453197836876,9.300000237999484e-05,0.19594214856624603,6900000.0,-0.005311306565999985,-0.00026906002312898636,-0.11422304809093475,0.01736079528927803,-0.0011147726327180862,2.7157368659973145,3137.376953125,7.546788215637207,12.035711288452148,19.58252716064453,2553.296875
26.856237411499023,53.6879997253418,1000.0,138.0,-0.22161199152469635,0.006123821251094341,10.0,0.9995065331459045,0.9792120456695557,0.9792120456695557,0.013518339022994041,9.14999982342124e-05,0.19388768076896667,6950000.0,-0.005185903050005436,0.0001254035159945488,-0.14950761198997498,0.017806269228458405,0.00044547393918037415,2.7241203784942627,3156.951904296875,7.591836452484131,11.961908340454102,19.553773880004883,2557.05224609375
26.818803787231445,53.50600051879883,1000.0,139.0,-0.23264238238334656,0.007026524282991886,10.0,0.9997987747192383,0.9801672101020813,0.9801672101020813,0.01310428325086832,8.999999408842996e-05,0.19175808131694794,7000000.0,-0.004634196404367685,0.0005517066456377506,-0.009397621266543865,0.016743162646889687,-0.001063106581568718,2.7132797241210938,3176.5693359375,7.585871696472168,12.014242172241211,19.600143432617188,2551.001953125
26.800155639648438,53.2599983215332,1000.0,140.0,-0.2399066537618637,0.007842260412871838,10.0,1.000124454498291,0.9806158542633057,0.9806158542633057,0.013256518170237541,8.849998994264752e-05,0.1903686374425888,7050000.0,-0.004853339865803719,-0.00021914346143603325,-0.07947253435850143,0.017440443858504295,0.0006972812116146088,2.7132084369659424,3196.166259765625,7.510013580322266,12.065950393676758,19.575992584228516,2554.150390625
26.781511306762695,53.7140007019043,1000.0,141.0,-0.24587328732013702,0.007079788483679295,10.0,0.9989697933197021,0.9796337485313416,0.9796337485313416,0.012916695326566696,8.700000762473792e-05,0.18923495709896088,7100000.0,-0.004456619266420603,0.00039672059938311577,-0.17092527449131012,0.01714456081390381,-0.00029588304460048676,2.712596893310547,3216.166259765625,7.577349662780762,12.404766082763672,19.98214340209961,2502.234619140625
26.796979904174805,53.88199996948242,1000.0,142.0,-0.25409355759620667,0.006034824065864086,10.0,0.9998759627342224,0.9799685478210449,0.9799685478210449,0.013395553454756737,8.550000347895548e-05,0.1876877248287201,7150000.0,-0.004684030544012785,-0.00022741127759218216,0.08655872195959091,0.015806792303919792,-0.0013377685099840164,2.711937189102173,3236.57666015625,7.551569938659668,12.836352348327637,20.387950897216797,2452.429931640625
26.80569839477539,53.066001892089844,1000.0,143.0,-0.26054099202156067,0.006017074454575777,10.0,0.9992557168006897,0.9787729978561401,0.9787729978561401,0.013683275319635868,8.399999933317304e-05,0.18648388981819153,7200000.0,-0.004391804803162813,0.00029222574084997177,0.020880237221717834,0.01771685667335987,0.0019100643694400787,2.7161340713500977,3256.415283203125,7.6286444664001465,12.1925048828125,19.82117462158203,2522.55517578125
26.81892967224121,52.93600082397461,1000.0,144.0,-0.26661697030067444,0.005872089881449938,10.0,0.999697208404541,0.9801842570304871,0.9801842570304871,0.013162593357264996,8.24999951873906e-05,0.18536478281021118,7250000.0,-0.004759340081363916,-0.0003675352782011032,0.21716351807117462,0.01584668830037117,-0.0018701683729887009,2.7183938026428223,3275.935791015625,7.526111602783203,11.973559379577637,19.499698638916016,2564.1435546875
26.890583038330078,53.34000015258789,1000.0,145.0,-0.2740784287452698,0.006724637001752853,10.0,1.000439167022705,0.9802687764167786,0.9802687764167786,0.013576406985521317,8.099999104160815e-05,0.18399065732955933,7300000.0,-0.0051137525588274,-0.0003544124774634838,-0.006472347769886255,0.0168144553899765,0.0009677670896053314,2.7261102199554443,3295.46630859375,7.3903913497924805,12.122659683227539,19.513080596923828,2562.384033203125
26.886274337768555,53.90800094604492,1000.0,146.0,-0.2826620042324066,0.006543210707604885,10.0,0.9995145797729492,0.9805222749710083,0.9805222749710083,0.012881546281278133,7.950000872369856e-05,0.18242326378822327,7350000.0,-0.0046408455818891525,0.0004729069769382477,0.0477413535118103,0.016648249700665474,-0.00016620568931102753,2.7322335243225098,3315.007080078125,7.603321075439453,11.917279243469238,19.5206298828125,2561.393798828125
26.90598487854004,53.64400100708008,1000.0,147.0,-0.2901436388492584,0.005738249979913235,10.0,0.9995619058609009,0.979624330997467,0.979624330997467,0.013353059068322182,7.800000457791612e-05,0.18106773495674133,7400000.0,-0.0038701326120644808,0.0007707129698246717,0.08175837993621826,0.017016926780343056,0.0003686770796775818,2.733123779296875,3334.61572265625,7.579766273498535,12.009881019592285,19.58967399597168,2552.365234375
26.956525802612305,53.4739990234375,1000.0,148.0,-0.2983902394771576,0.005097187589854002,10.0,0.9987994432449341,0.979273796081543,0.979273796081543,0.01321432739496231,7.650000043213367e-05,0.17959298193454742,7450000.0,-0.0037873010151088238,8.2831596955657e-05,0.09000653028488159,0.015377407893538475,-0.0016395188868045807,2.7293474674224854,3354.13330078125,7.526122093200684,11.974556922912598,19.50070571899414,2564.010009765625
26.950708389282227,54.38399887084961,1000.0,149.0,-0.30760541558265686,0.0056523834355175495,10.0,0.9996074438095093,0.9799496531486511,0.9799496531486511,0.013286067172884941,7.499999628635123e-05,0.17796604335308075,7500000.0,-0.004356475546956062,-0.0005691745318472385,0.008637415245175362,0.015887534245848656,0.0005101263523101807,2.7293193340301514,3373.70458984375,7.457830905914307,12.093729972839355,19.551586151123047,2557.33740234375
27.01937484741211,54.13199996948242,1000.0,150.0,-0.31457284092903137,0.005532553885132074,10.0,0.9995039701461792,0.9801821112632751,0.9801821112632751,0.013145620934665203,7.349999214056879e-05,0.17674396932125092,7550000.0,-0.0037468771915882826,0.0006095983553677797,-0.00580083392560482,0.016125308349728584,0.0002377741038799286,2.7273783683776855,3393.30615234375,7.656126499176025,11.923303604125977,19.579456329345703,2553.6982421875
27.002914428710938,54.69200134277344,1000.0,151.0,-0.3211759328842163,0.00605379743501544,10.0,0.9995860457420349,0.9807008504867554,0.9807008504867554,0.012943380512297153,7.20000098226592e-05,0.17559391260147095,7600000.0,-0.004581162240356207,-0.0008342850487679243,-0.128141388297081,0.01740969717502594,0.0012843888252973557,2.7225825786590576,3412.92919921875,7.708520412445068,11.894798278808594,19.603347778320312,2550.5859375
27.014562606811523,55.29199981689453,1000.0,152.0,-0.32248014211654663,0.006851299665868282,10.0,0.9994605779647827,0.9801815748214722,0.9801815748214722,0.012974613346159458,7.050000567687675e-05,0.17536720633506775,7650000.0,-0.005049262661486864,-0.0004681004211306572,-0.0426119789481163,0.01588645577430725,-0.001523241400718689,2.7201502323150635,3432.520263671875,7.4660186767578125,12.10669231414795,19.572738647460938,2554.573486328125
27.01238441467285,54.07600021362305,1000.0,153.0,-0.3252083361148834,0.005749831907451153,10.0,0.9997767210006714,0.9799683094024658,0.9799683094024658,0.013311653397977352,6.900000153109431e-05,0.17489618062973022,7700000.0,-0.004468629136681557,0.0005806335248053074,-0.051492225378751755,0.017326198518276215,0.0014397427439689636,2.7253634929656982,3452.07666015625,7.457953453063965,12.080809593200684,19.53879165649414,2559.01220703125
27.011892318725586,55.20800018310547,1000.0,154.0,-0.3308562934398651,0.004570992197841406,10.0,0.999602735042572,0.9808839559555054,0.9808839559555054,0.012364093214273453,6.749999738531187e-05,0.17392051219940186,7750000.0,-0.0031131042633205652,0.0013555248733609915,-0.055889010429382324,0.015899958088994026,-0.0014262404292821884,2.7107632160186768,3471.684326171875,7.610388278961182,11.976617813110352,19.5870304107666,2552.710693359375
26.998374938964844,56.178001403808594,1000.0,155.0,-0.33633679151535034,0.004935897421091795,10.0,0.9997701048851013,0.9804085493087769,0.9804085493087769,0.013075146824121475,6.599999323952943e-05,0.17297577857971191,7800000.0,-0.00490037864074111,-0.0017872743774205446,0.027501989156007767,0.014958357438445091,-0.0009416006505489349,2.710383176803589,3491.38671875,7.544058322906494,12.141054153442383,19.685142517089844,2539.98681640625
26.95806884765625,55.53200149536133,1000.0,156.0,-0.34334197640419006,0.006646562367677689,10.0,0.998993456363678,0.9794911742210388,0.9794911742210388,0.013272926211357117,6.450000364566222e-05,0.17176884412765503,7850000.0,-0.004218121524900198,0.0006822571158409119,0.03341170400381088,0.0162649042904377,0.0013065468519926071,2.7151129245758057,3511.031982421875,7.470109462738037,12.15671157836914,19.626848220825195,2547.531005859375
26.950868606567383,54.41400146484375,1000.0,157.0,-0.34744396805763245,0.004841357935220003,10.0,0.9995999932289124,0.9804570078849792,0.9804570078849792,0.012926680035889149,6.300000677583739e-05,0.17108045518398285,7900000.0,-0.004706074949353933,-0.00048795342445373535,0.01689189299941063,0.016603749245405197,0.0003388449549674988,2.717573642730713,3530.526123046875,7.486161708831787,11.990533828735352,19.476722717285156,2567.1669921875
26.963987350463867,54.220001220703125,1000.0,158.0,-0.3533719480037689,0.005536158103495836,10.0,0.9998499155044556,0.9807208776473999,0.9807208776473999,0.012906929478049278,6.150000263005495e-05,0.17007485032081604,7950000.0,-0.004058882128447294,0.0006471928209066391,0.025332380086183548,0.01720266044139862,0.0005989111959934235,2.703827142715454,3550.12841796875,7.458822727203369,12.125846862792969,19.584701538085938,2553.013427734375
26.952226638793945,54.24800109863281,1000.0,159.0,-0.3607381284236908,0.005890782456845045,10.0,0.9992485046386719,0.9803217053413391,0.9803217053413391,0.01310453750193119,5.999999848427251e-05,0.16881205141544342,8000000.0,-0.004697760101407766,-0.0006388779729604721,-0.05150390416383743,0.016318533569574356,-0.0008841268718242645,2.704874038696289,3569.739013671875,7.525143623352051,12.06318187713623,19.58835220336914,2552.53857421875
26.91622543334961,55.071998596191406,1000.0,160.0,-0.36743658781051636,0.005067076068371534,10.0,1.0003223419189453,0.9818814396858215,0.9818814396858215,0.012285735458135605,5.850000161444768e-05,0.16768017411231995,8050000.0,-0.004067742265760899,0.0006300178356468678,0.16591767966747284,0.014944177120923996,-0.00137435644865036,2.7097327709198,3589.728515625,7.565479278564453,12.406124114990234,19.971630096435547,2503.55126953125
26.911088943481445,55.2140007019043,1000.0,161.0,-0.37404051423072815,0.0053783501498401165,10.0,0.9997963905334473,0.9804981350898743,0.9804981350898743,0.012964848428964615,5.7000004744622856e-05,0.16658176481723785,8100000.0,-0.004988569766283035,-0.0009208275005221367,-0.24877595901489258,0.01590692065656185,0.0009627435356378555,2.718369960784912,3609.307373046875,7.557557106018066,12.002985000610352,19.56056785583496,2556.163330078125
26.88935089111328,55.22600173950195,1000.0,162.0,-0.38040003180503845,0.005146489478647709,10.0,0.9996050596237183,0.9809116721153259,0.9809116721153259,0.012675240635871887,5.550000787479803e-05,0.16554169356822968,8150000.0,-0.004686328116804361,0.00030224164947867393,0.00436135521158576,0.015477967448532581,-0.00042895320802927017,2.7100110054016113,3628.8671875,7.592916011810303,11.945289611816406,19.53823471069336,2559.08642578125
26.904081344604492,55.02799987792969,1000.0,163.0,-0.38573944568634033,0.005518302787095308,10.0,0.9991027116775513,0.9809732437133789,0.9809732437133789,0.012362930923700333,5.3999996453057975e-05,0.16468650102615356,8200000.0,-0.005068743135780096,-0.0003824150189757347,-0.043218158185482025,0.01744919829070568,0.0019712308421730995,2.7213551998138428,3648.438232421875,7.553254127502441,11.996261596679688,19.549541473388672,2557.60595703125
26.904809951782227,54.84400177001953,1000.0,164.0,-0.392984539270401,0.005341037642210722,10.0,0.9998674988746643,0.9817437529563904,0.9817437529563904,0.012347606010735035,5.249999958323315e-05,0.1635102927684784,8250000.0,-0.004540751688182354,0.0005279914475977421,-0.07908784598112106,0.01689746603369713,-0.0005517322570085526,2.7152931690216064,3667.868408203125,7.476830959320068,11.936382293701172,19.41324234008789,2575.5615234375
26.934125900268555,55.513999938964844,1000.0,165.0,-0.4004233479499817,0.004936556331813335,10.0,0.9996976852416992,0.9816190600395203,0.9816190600395203,0.01207949873059988,5.100000271340832e-05,0.16230963170528412,8300000.0,-0.00426111277192831,0.0002796389162540436,0.14437687397003174,0.017926806584000587,0.0010293405503034592,2.716709613800049,3687.3671875,7.552430629730225,11.927007675170898,19.479469299316406,2566.805419921875
26.93671417236328,55.641998291015625,1000.0,166.0,-0.4047044515609741,0.004455007612705231,10.0,0.9992589354515076,0.9813112020492554,0.9813112020492554,0.012020032852888107,4.949999856762588e-05,0.1616237312555313,8350000.0,-0.004220315255224705,4.079751670360565e-05,-0.036636725068092346,0.016051456332206726,-0.0018753502517938614,2.7366204261779785,3707.09521484375,7.551560401916504,12.155996322631836,19.707584381103516,2537.09521484375
26.926698684692383,55.3380012512207,1000.0,167.0,-0.4094916880130768,0.005144425667822361,10.0,1.0000311136245728,0.9814887046813965,0.9814887046813965,0.012474730610847473,4.800000533577986e-05,0.16084159910678864,8400000.0,-0.0045557585544884205,-0.00033544329926371574,0.20339366793632507,0.016010385006666183,-4.10713255405426e-05,2.72472882270813,3726.764892578125,7.615907192230225,12.03315544128418,19.649089813232422,2544.647705078125
26.9346981048584,55.018001556396484,1000.0,168.0,-0.4148096740245819,0.006342295557260513,10.0,0.9999009966850281,0.9823665618896484,0.9823665618896484,0.011713563464581966,4.650000118999742e-05,0.15998369455337524,8450000.0,-0.0037153991870582104,0.0008403593674302101,0.1390136182308197,0.015593718737363815,-0.00041666626930236816,2.7254605293273926,3746.22900390625,7.459635257720947,11.983724594116211,19.44338607788086,2571.569580078125
26.916629791259766,55.2239990234375,1000.0,169.0,-0.4197525382041931,0.005097039509564638,10.0,1.0002827644348145,0.9825202822685242,0.9825202822685242,0.011892415583133698,4.499999704421498e-05,0.1592009961605072,8500000.0,-0.004344041924923658,-0.000628642737865448,-0.06646441668272018,0.015673983842134476,8.02651047706604e-05,2.7231075763702393,3765.809814453125,7.502890586853027,12.059972763061523,19.56289291381836,2555.859375
26.928539276123047,55.02399826049805,1000.0,170.0,-0.4246857464313507,0.005650080740451813,10.0,1.0003485679626465,0.9824445843696594,0.9824445843696594,0.012347479350864887,4.350000381236896e-05,0.15842001140117645,8550000.0,-0.005015737842768431,-0.0006716959178447723,0.19800618290901184,0.015829306095838547,0.00015532225370407104,2.726949691772461,3785.32080078125,7.529196262359619,11.964402198791504,19.493629455566406,2564.94091796875
26.91655731201172,55.619998931884766,1000.0,171.0,-0.42977041006088257,0.004583254922181368,10.0,0.9993896484375,0.9819304347038269,0.9819304347038269,0.01173925306648016,4.199999966658652e-05,0.1576247364282608,8600000.0,-0.0039839367382228374,0.0010318011045455933,0.0014439247315749526,0.01725456304848194,0.0014252569526433945,2.7221827507019043,3804.743408203125,7.546195983886719,11.858694076538086,19.404918670654297,2576.66650390625
26.909957885742188,55.54800033569336,1000.0,172.0,-0.4347876012325287,0.004269916098564863,10.0,0.9994539618492126,0.9821115732192993,0.9821115732192993,0.011649870313704014,4.049999552080408e-05,0.15683221817016602,8650000.0,-0.0038036173209547997,0.0001803194172680378,0.14859728515148163,0.015077518299221992,-0.0021770447492599487,2.7269082069396973,3824.33935546875,7.600427150726318,11.975168228149414,19.57562255859375,2554.19775390625
26.896259307861328,54.64799880981445,1000.0,173.0,-0.43811991810798645,0.004127077292650938,10.0,0.9990761876106262,0.9823532700538635,0.9823532700538635,0.011201053857803345,3.900000228895806e-05,0.15630754828453064,8700000.0,-0.0034879702143371105,0.00031564710661768913,-0.023380141705274582,0.014743413776159286,-0.000334104523062706,2.727285861968994,3843.78173828125,7.445753574371338,11.975321769714355,19.421104431152344,2574.52001953125
26.894203186035156,53.40800094604492,1000.0,174.0,-0.4417610764503479,0.004073288757354021,10.0,0.9995306730270386,0.9827150106430054,0.9827150106430054,0.011454877443611622,3.749999814317562e-05,0.1557525396347046,8750000.0,-0.004389449022710323,-0.0009014788083732128,-0.023932788521051407,0.016564181074500084,0.0018207672983407974,2.7146522998809814,3863.338623046875,7.578797817230225,11.960031509399414,19.538856506347656,2559.00390625
26.878385543823242,53.89799880981445,1000.0,175.0,-0.446906179189682,0.00453900545835495,10.0,0.9995753765106201,0.9831318259239197,0.9831318259239197,0.011019309982657433,3.60000049113296e-05,0.15496337413787842,8800000.0,-0.00362771307118237,0.0007617359515279531,0.0043358104303479195,0.01546134240925312,-0.0011028386652469635,2.708171844482422,3882.92578125,7.659985542297363,11.905412673950195,19.565425872802734,2555.52978515625
26.863862991333008,53.349998474121094,1000.0,176.0,-0.45090019702911377,0.004432316869497299,10.0,0.9996115565299988,0.9836893677711487,0.9836893677711487,0.010591245256364346,3.4500000765547156e-05,0.15433961153030396,8850000.0,-0.003304679412394762,0.00032303365878760815,0.04979584366083145,0.014949705451726913,-0.000511636957526207,2.6981585025787354,3902.354736328125,7.420833587646484,11.989187240600586,19.410049438476562,2575.985595703125
26.8345890045166,52.5880012512207,1000.0,177.0,-0.4529600143432617,0.003953002858906984,10.0,1.0005860328674316,0.9834914803504944,0.9834914803504944,0.011525158770382404,3.2999996619764715e-05,0.1540345698595047,8900000.0,-0.00403571454808116,-0.0007310351356863976,-0.019347289577126503,0.016406657174229622,0.0014569517225027084,2.6995387077331543,3921.72900390625,7.403830051422119,11.95228099822998,19.356143951416016,2583.15966796875
26.856096267700195,52.12200164794922,1000.0,178.0,-0.4551176428794861,0.003877729643136263,10.0,0.9998888969421387,0.9841704368591309,0.9841704368591309,0.010627571493387222,3.1500003387918696e-05,0.15372316539287567,8950000.0,-0.0038567970041185617,0.00017891754396259785,-0.101504847407341,0.017083745449781418,0.000677088275551796,2.7008280754089355,3941.375732421875,7.559156894683838,12.070130348205566,19.629314422607422,2547.2109375
26.842893600463867,52.305999755859375,1000.0,179.0,-0.45750343799591064,0.0041617415845394135,10.0,1.0003364086151123,0.9840624928474426,0.9840624928474426,0.010834336280822754,2.9999999242136255e-05,0.15336908400058746,9000000.0,-0.0035522037651389837,0.000304593238979578,0.020625149831175804,0.015985259786248207,-0.0010984856635332108,2.7053444385528564,3961.016357421875,7.5767621994018555,12.045823097229004,19.62261390686035,2548.080810546875
26.84787940979004,52.5620002746582,1000.0,180.0,-0.4607693552970886,0.004183270502835512,10.0,0.9999269843101501,0.9831234216690063,0.9831234216690063,0.011207766830921173,2.8500002372311428e-05,0.1528780162334442,9050000.0,-0.003992406651377678,-0.0004402028862386942,0.012248801998794079,0.015998532995581627,1.32732093334198e-05,2.705749988555908,3980.58544921875,7.4361891746521,12.114654541015625,19.550872802734375,2557.4306640625
26.877750396728516,51.7400016784668,1000.0,181.0,-0.46395933628082275,0.0044384486973285675,10.0,1.0001306533813477,0.9848198890686035,0.9848198890686035,0.010440526530146599,2.6999998226528987e-05,0.15239112079143524,9100000.0,-0.004453553818166256,-0.00046114716678857803,0.14420418441295624,0.017925983294844627,0.0019274502992630005,2.7048189640045166,4000.30078125,7.505003929138184,12.182083129882812,19.687114715576172,2539.734375
26.87841033935547,51.8380012512207,1000.0,182.0,-0.46628499031066895,0.003591974498704076,10.0,0.9992305636405945,0.9837059378623962,0.9837059378623962,0.01057901419699192,2.550000135670416e-05,0.15203261375427246,9150000.0,-0.003934041131287813,0.0005195126868784428,-0.029328802600502968,0.015944194048643112,-0.001981789246201515,2.716064453125,4019.991455078125,7.485523223876953,12.18310546875,19.668655395507812,2542.11669921875
26.853370666503906,51.57400131225586,1000.0,183.0,-0.46855172514915466,0.0039039882831275463,10.0,1.000455617904663,0.9848591089248657,0.9848591089248657,0.010682061314582825,2.400000266788993e-05,0.15169166028499603,9200000.0,-0.004674249794334173,-0.00074020866304636,0.1278945505619049,0.017495715990662575,0.0015515219420194626,2.7106146812438965,4039.703125,7.593499660491943,12.100373268127441,19.693897247314453,2538.857421875
26.859207153320312,50.63399887084961,1000.0,184.0,-0.470417320728302,0.0035328357480466366,10.0,1.0001271963119507,0.9847080111503601,0.9847080111503601,0.010425133630633354,2.249999852210749e-05,0.15141484141349792,9250000.0,-0.0037294430658221245,0.0009448067285120487,-0.033492039889097214,0.01547246240079403,-0.0020232535898685455,2.711968421936035,4059.330810546875,7.483888149261475,12.125837326049805,19.609752655029297,2549.75146484375
26.862836837768555,50.5880012512207,1000.0,185.0,-0.4724890887737274,0.002933584153652191,10.0,0.999384343624115,0.9846642017364502,0.9846642017364502,0.009923887439072132,2.099999983329326e-05,0.15110205113887787,9300000.0,-0.003335832618176937,0.0003936104476451874,0.0067611634731292725,0.01611020229756832,0.000637739896774292,2.69997501373291,4078.826171875,7.507819175720215,11.969953536987305,19.47779655456543,2567.025390625
26.877742767333984,50.40999984741211,1000.0,186.0,-0.4748952090740204,0.0031489157117903233,10.0,1.0002260208129883,0.9861800670623779,0.9861800670623779,0.009751604869961739,1.950000114447903e-05,0.15073658525943756,9350000.0,-0.0031256454531103373,0.00021018716506659985,0.08882536739110947,0.015907060354948044,-0.0002031419426202774,2.7033755779266357,4098.3544921875,7.506124973297119,12.001260757446289,19.50741195678711,2563.12890625
26.89510726928711,51.20600128173828,1000.0,187.0,-0.4767553210258484,0.002843413269147277,10.0,0.9999403953552246,0.9859939813613892,0.9859939813613892,0.009462769143283367,1.80000024556648e-05,0.15045198798179626,9400000.0,-0.003048153128474951,7.749232463538647e-05,0.03505633398890495,0.01624583639204502,0.00033877603709697723,2.7160556316375732,4118.0380859375,7.506505489349365,12.159238815307617,19.665771484375,2542.489013671875
26.92155647277832,51.61399841308594,1000.0,188.0,-0.47895556688308716,0.0039101094007492065,10.0,0.999548077583313,0.9845120310783386,0.9845120310783386,0.010009058751165867,1.6499998309882358e-05,0.1501234620809555,9450000.0,-0.0039525930769741535,-0.0009044399484992027,-0.0965750589966774,0.01586069166660309,-0.0003851447254419327,2.721701145172119,4137.63427734375,7.602888584136963,11.975320816040039,19.578235626220703,2553.8564453125
26.90438461303711,51.50199890136719,1000.0,189.0,-0.4807744324207306,0.0032176580280065536,10.0,0.9996470808982849,0.9851831197738647,0.9851831197738647,0.009670548141002655,1.4999999621068127e-05,0.14986161887645721,9500000.0,-0.0036305401008576155,0.00032205297611653805,-0.05353058502078056,0.015670040622353554,-0.0001906510442495346,2.7157366275787354,4157.23779296875,7.48486852645874,12.099557876586914,19.584453582763672,2553.04541015625
26.901464462280273,52.231998443603516,1000.0,190.0,-0.4813043475151062,0.0034535774029791355,10.0,0.9992808699607849,0.9844893217086792,0.9844893217086792,0.010024775750935078,1.3499999113264494e-05,0.14978504180908203,9550000.0,-0.0034212677273899317,0.0002092723734676838,0.06515689939260483,0.016812361776828766,0.001142321154475212,2.707895040512085,4176.8330078125,7.581901550292969,11.994806289672852,19.576736450195312,2554.05224609375
26.919750213623047,53.400001525878906,1000.0,191.0,-0.48141413927078247,0.0034030950628221035,10.0,1.0001622438430786,0.9859888553619385,0.9859888553619385,0.009548181667923927,1.2000001333944965e-05,0.1497700959444046,9600000.0,-0.0033642598427832127,5.700788460671902e-05,0.10606447607278824,0.01615285687148571,-0.0006595049053430557,2.712475299835205,4196.37060546875,7.521368503570557,11.998037338256836,19.519428253173828,2561.55029296875
26.910520553588867,53.400001525878906,1000.0,192.0,-0.48222899436950684,0.0028315468225628138,10.0,0.9998553991317749,0.9856363534927368,0.9856363534927368,0.009785011410713196,1.049999991664663e-05,0.1496514230966568,9650000.0,-0.0031278652604669333,0.0002363945823162794,-0.08519568294286728,0.015973303467035294,-0.00017955340445041656,2.720679998397827,4215.8193359375,7.470005989074707,11.960709571838379,19.430742263793945,2573.2421875
26.923755645751953,52.41999816894531,1000.0,193.0,-0.48289960622787476,0.003004720201715827,10.0,0.9998316764831543,0.9865978360176086,0.9865978360176086,0.008855457417666912,9.0000012278324e-06,0.14954665303230286,9700000.0,-0.003021382726728916,0.00010648253373801708,-0.08455700427293777,0.016949225217103958,0.0009759217500686646,2.7247111797332764,4235.28515625,7.505743980407715,11.940020561218262,19.4457950592041,2571.251220703125
26.893945693969727,52.698001861572266,1000.0,194.0,-0.48334625363349915,0.002962816273793578,10.0,0.999809980392456,0.9876213073730469,0.9876213073730469,0.008517948910593987,7.499999810534064e-06,0.14947597682476044,9750000.0,-0.0027489722706377506,0.00027241045609116554,0.008898350410163403,0.015934735536575317,-0.0010144896805286407,2.7183539867401123,4254.86572265625,7.53409481048584,12.028230667114258,19.562355041503906,2555.929443359375
26.866012573242188,52.39799880981445,1000.0,195.0,-0.483404278755188,0.0028233116026967764,10.0,0.9997506141662598,0.988513171672821,0.988513171672821,0.008026438765227795,6.000000666972483e-06,0.14946673810482025,9800000.0,-0.002478133188560605,0.0002708390820771456,0.1842776983976364,0.01619507372379303,0.0002603381872177124,2.722632884979248,4274.45654296875,7.529498100280762,12.043272972106934,19.572797775268555,2554.56640625
26.94841766357422,53.35200119018555,1000.0,196.0,-0.4834534823894501,0.0025156044866889715,10.0,0.9998902082443237,0.9880900979042053,0.9880900979042053,0.008066930808126926,4.5000006139162e-06,0.14945873618125916,9850000.0,-0.002658132929354906,-0.00017999974079430103,0.3443104028701782,0.017656898126006126,0.0014618244022130966,2.725851535797119,4294.0166015625,7.5637993812561035,11.978171348571777,19.54199981689453,2558.59228515625
26.955690383911133,52.36000061035156,1000.0,197.0,-0.48371821641921997,0.00239011412486434,10.0,1.0000661611557007,0.9902467131614685,0.9902467131614685,0.007046958431601524,3.0000003334862413e-06,0.14942026138305664,9900000.0,-0.001941410475410521,0.000716722453944385,0.09995736926794052,0.016510847955942154,-0.0011460501700639725,2.738706350326538,4313.61328125,7.464470863342285,12.111058235168457,19.575557708740234,2554.20654296875
26.961320877075195,53.236000061035156,1000.0,198.0,-0.4836569130420685,0.002041788771748543,10.0,1.000195026397705,0.9916335344314575,0.9916335344314575,0.006239921320229769,1.5000001667431206e-06,0.14942991733551025,9950000.0,-0.0016682400600984693,0.0002731704153120518,0.2272121161222458,0.017074525356292725,0.0005636774003505707,2.744368076324463,4333.05615234375,7.435034275054932,11.989590644836426,19.424652099609375,2574.048828125
26.94613265991211,53.14400100708008,1000.0,199.0,-0.48359382152557373,0.0009632713044993579,10.0,0.9999697804450989,0.9955461621284485,0.9955461621284485,0.0034527936950325966,0.0,0.14943908154964447,10000000.0,-0.0001572546170791611,0.0015109854430193081,0.003531691385433078,0.014974512159824371,-0.0021000131964683533,2.749678373336792,4352.4970703125,7.42937707901001,11.993668556213379,19.423072814941406,2574.25830078125
