Metrics/EpRet,Metrics/EpCost,Metrics/EpLen,Train/Epoch,Train/Entropy,Train/KL,Train/StopIter,Train/PolicyRatio,Train/PolicyRatio/Min,Train/PolicyRatio/Max,Train/PolicyRatio/Std,Train/LR,Train/PolicyStd,TotalEnvSteps,Loss/Loss_pi,Loss/Loss_pi/Delta,Value/Adv,Loss/Loss_reward_critic,Loss/Loss_reward_critic/Delta,Value/reward,Loss/Loss_cost_critic,Loss/Loss_cost_critic/Delta,Value/cost,Time/Total,Time/Rollout,Time/Update,Time/Epoch,Time/FPS,Misc/Alpha,Misc/FinalStepNorm,Misc/gradient_norm,Misc/xHx,Misc/H_inv_g,Misc/AcceptanceStep,Misc/cost_gradient_norm,Misc/A,Misc/B,Misc/q,Misc/r,Misc/s,Misc/Lambda_star,Misc/Nu_star,Misc/OptimCase
-0.4135296642780304,70.375,1000.0,0.0,1.4120832681655884,0.00013168177974876016,10.0,1.0003185272216797,1.0003185272216797,1.0003185272216797,0.00022517656907439232,0.0,0.9931907653808594,16000.0,-0.01068025641143322,-0.01068025641143322,6.139278418970662e-09,0.005750270094722509,0.005750270094722509,-0.015424421988427639,3.599839925765991,3.599839925765991,-0.1572130173444748,7.403229713439941,4.404816150665283,2.9977314472198486,7.402556419372559,2161.41552734375,0.892530083656311,0.3233298361301422,0.10335192084312439,0.025106381624937057,0.306511253118515,1.0,0.18612737953662872,0.02506166882812977,-16759.7734375,0.025106381624937057,0.0023436592891812325,0.12284702062606812,0.0,0.403489887714386,0.0
-0.30800753831863403,49.6875,1000.0,1.0,1.4022916555404663,0.00018536689458414912,10.0,0.9989613890647888,0.9989613890647888,0.9989613890647888,0.0007344228797592223,0.0,0.9835658073425293,32000.0,-0.00869880709797144,0.0019814493134617805,-1.3113021779531664e-09,0.005265038926154375,-0.0004852311685681343,0.0031261632684618235,1.086136817932129,-2.5137031078338623,0.7101522088050842,14.714252471923828,4.385261535644531,2.9187822341918945,7.304050922393799,2190.5654296875,1.079283356666565,0.2746941149234772,0.08753634989261627,0.017169544473290443,0.2360266000032425,1.0,0.20188748836517334,0.01687854342162609,-6017.34814453125,0.017169544473290443,0.005429019220173359,0.10128557682037354,0.0,0.44436636567115784,0.0
-0.43673887848854065,40.625,1000.0,2.0,1.3999336957931519,0.00014450032904278487,10.0,0.9990976452827454,0.9990976452827454,0.9990976452827454,0.0006380471168085933,0.0,0.9812045693397522,48000.0,-0.0070627611130476,0.0016360459849238396,-9.536743617033494e-10,0.0035209213383495808,-0.0017441175878047943,0.0025157718919217587,0.6438077092170715,-0.4423291087150574,1.3783740997314453,22.427186965942383,4.455256938934326,3.2500858306884766,7.705350399017334,2076.479248046875,0.7383800745010376,0.31326785683631897,0.12688098847866058,0.03668342903256416,0.34310710430145264,1.0,0.1134873777627945,0.03668319433927536,-5447.72802734375,0.03668342903256416,0.00010257249232381582,0.044814951717853546,0.0,0.6680415868759155,0.0
-0.4696239233016968,29.5,1000.0,3.0,1.396780014038086,0.00016901010531000793,10.0,1.000287652015686,1.000287652015686,1.000287652015686,0.00020337259047664702,0.0,0.9781110286712646,64000.0,-0.015567752532660961,-0.008504991419613361,-7.98702259885431e-09,0.0027174954302608967,-0.0008034259080886841,0.010575255379080772,1.1921006441116333,0.5482929348945618,1.3925062417984009,31.96422576904297,4.465933799743652,5.06436824798584,9.530309677124023,1678.854248046875,0.6181968450546265,0.29670777916908264,0.1977490484714508,0.05233308672904968,0.36013689637184143,1.0,0.15499548614025116,0.04852074757218361,-283.151611328125,0.05233308672904968,-0.016511382535099983,0.0715114027261734,0.0,0.5288437008857727,0.0
-0.4964798390865326,35.099998474121094,1000.0,4.0,1.3943895101547241,0.00015228618576657027,10.0,0.9994316101074219,0.9994316101074219,0.9994316101074219,0.00040194042958319187,0.0,0.9757699966430664,80000.0,-0.009857576340436935,0.005710176192224026,3.933906533859499e-09,0.004373233299702406,0.0016557378694415092,-0.022171735763549805,1.5094398260116577,0.3173391819000244,0.5544780492782593,41.74546432495117,4.667754173278809,5.106831073760986,9.774592399597168,1636.89697265625,0.8680849075317383,0.3071241080760956,0.1241188645362854,0.026540275663137436,0.27335458993911743,1.0,0.16380687057971954,0.026422670111060143,-1469.457763671875,0.026540275663137436,-0.002857276238501072,0.06941919028759003,0.0,0.5367538928985596,0.0
-0.1907506138086319,52.52000045776367,1000.0,5.0,1.3957260847091675,0.00019464865908958018,10.0,1.0010789632797241,1.0010789632797241,1.0010789632797241,0.0007629141327925026,0.0,0.9770658016204834,96000.0,-0.012885482981801033,-0.0030279066413640976,7.867813067718998e-09,0.0024198361206799746,-0.0019533971790224314,-0.017582787200808525,1.7876172065734863,0.2781773805618286,3.2893500328063965,50.88147735595703,4.614589214324951,4.514639377593994,9.129240036010742,1752.6104736328125,0.6690851449966431,0.27181747555732727,0.1802436113357544,0.04467526078224182,0.3213907778263092,1.0,0.30802586674690247,0.04443386197090149,-4656.67431640625,0.04467526078224182,0.00626582745462656,0.1626369059085846,0.0,0.350675493478775,0.0
-0.36458978056907654,45.15999984741211,1000.0,6.0,1.3983861207962036,0.0001562246325192973,10.0,0.9997167587280273,0.9997167587280273,0.9997167587280273,0.00020025372214149684,0.0,0.9796657562255859,112000.0,-0.007937164977192879,0.004948318004608154,5.9604643443123e-10,0.002953003393486142,0.0005331672728061676,-0.05292268469929695,0.6299440264701843,-1.157673180103302,1.334572672843933,60.61682891845703,4.910013198852539,4.818303108215332,9.728323936462402,1644.68212890625,0.6322914361953735,0.3030719757080078,0.1833031177520752,0.05002593994140625,0.3411133885383606,1.0,0.1244606003165245,0.04985867068171501,-10108.7431640625,0.05002593994140625,-0.0025932868011295795,0.04020526260137558,0.0,0.7052993178367615,0.0
-0.36220473051071167,34.880001068115234,1000.0,7.0,1.3982681035995483,0.00017119401309173554,10.0,0.9990752339363098,0.9990752339363098,0.9990752339363098,0.0006539223832078278,0.0,0.9795651435852051,128000.0,-0.008194251917302608,-0.00025708694010972977,3.218650901359865e-09,0.0046692779287695885,0.0017162745352834463,-0.0386957973241806,0.6503453850746155,0.020401358604431152,2.4573090076446533,69.2483139038086,4.875682830810547,3.748631477355957,8.624321937561035,1855.2183837890625,0.8000245690345764,0.29910728335380554,0.13445264101028442,0.031248072162270546,0.3002151846885681,1.0,0.1763007640838623,0.03102952241897583,-1282.1683349609375,0.031248072162270546,0.004079023841768503,0.07613109797239304,0.0,0.5125472545623779,0.0
-0.16119304299354553,25.219999313354492,1000.0,8.0,1.4023820161819458,0.00018863486184272915,10.0,0.9994190335273743,0.9994190335273743,0.9994190335273743,0.00041079125367105007,0.0,0.9837055802345276,144000.0,-0.00423686346039176,0.003957388456910849,7.3909758313561724e-09,0.004623800050467253,-4.547787830233574e-05,-0.02040773257613182,0.8103870749473572,0.1600416898727417,2.191748857498169,76.71463012695312,4.496630668640137,2.962925910949707,7.459563732147217,2144.897705078125,0.7157739996910095,0.28164777159690857,0.18628926575183868,0.03903714567422867,0.310782253742218,1.0,0.21783411502838135,0.03583372384309769,-0.5426655411720276,0.03903714567422867,0.01659981720149517,0.08601859211921692,0.0,0.48219066858291626,0.0
-0.13491438329219818,17.260000228881836,1000.0,9.0,1.4103227853775024,0.00019393781258258969,10.0,1.000744342803955,1.000744342803955,1.000744342803955,0.0005263298517093062,0.0,0.9915291666984558,160000.0,-0.021473050117492676,-0.017236186657100916,2.5033950468156263e-09,0.004400682169944048,-0.0002231178805232048,-0.03836501017212868,0.3917452096939087,-0.4186418652534485,1.4185549020767212,84.07189178466797,4.412871360778809,2.9373128414154053,7.350191116333008,2176.814208984375,0.6551820039749146,0.23890884220600128,0.16504521667957306,0.04659142345190048,0.36464500427246094,1.0,0.11293400824069977,0.04397059231996536,-1995.9273681640625,0.04659142345190048,0.008869228884577751,0.030014608055353165,1.526293396949768,0.0,3.0
0.336074560880661,19.84000015258789,1000.0,10.0,1.4130176305770874,0.00021356416982598603,10.0,1.00106680393219,1.00106680393219,1.00106680393219,0.000754372391384095,0.0,0.9941256642341614,176000.0,-0.016532735899090767,0.004940314218401909,4.231929917608568e-09,0.007321560755372047,0.0029208785854279995,0.017412619665265083,0.6070904731750488,0.21534526348114014,3.3869059085845947,91.43633270263672,4.3809051513671875,2.969939947128296,7.350852966308594,2176.618408203125,0.8816770911216736,0.2406659871339798,0.12683793902397156,0.02572827786207199,0.2729639410972595,1.0,0.1655092090368271,0.025516215711832047,-407.2495422363281,0.02572827786207199,0.0037234006449580193,0.06537585705518723,1.1342021226882935,0.0,3.0
0.6576825976371765,24.020000457763672,1000.0,11.0,1.4089733362197876,0.0002087321481667459,10.0,0.9995477795600891,0.9995477795600891,0.9995477795600891,0.0003197540936525911,0.0,0.9900936484336853,192000.0,-0.017179377377033234,-0.0006466414779424667,1.4901161193847656e-08,0.005288857966661453,-0.002032702788710594,0.021849563345313072,1.238040566444397,0.6309500932693481,3.5262510776519775,98.85662841796875,4.491471290588379,2.9222540855407715,7.413736343383789,2158.15625,0.8525921702384949,0.24973569810390472,0.12751884758472443,0.02751358225941658,0.29291337728500366,1.0,0.19554820656776428,0.02732829935848713,-10.179411888122559,0.02751358225941658,0.004176909103989601,0.09416218847036362,1.172893762588501,0.0,3.0
1.8867017030715942,48.279998779296875,1000.0,12.0,1.4147071838378906,0.00015507345960941166,10.0,1.0006552934646606,1.0006552934646606,1.0006552934646606,0.000463390548247844,0.0,0.9958176612854004,208000.0,-0.014220166951417923,0.0029592104256153107,-1.9550324026340604e-08,0.0074861617758870125,0.0021973038092255592,0.1024169921875,2.1894168853759766,0.9513763189315796,3.6955208778381348,106.10603332519531,4.338838577270508,2.903663396835327,7.242509841918945,2209.17919921875,0.9802455902099609,0.3027716875076294,0.1104179099202156,0.020814212039113045,0.2557315230369568,1.0,0.22627338767051697,0.020750515162944794,-3769.442626953125,0.020814212039113045,-0.0030262426007539034,0.14377599954605103,0.0,0.3729681670665741,0.0
2.3156628608703613,59.7400016784668,1000.0,13.0,1.4135843515396118,0.00015368549793493003,10.0,0.9990995526313782,0.9990995526313782,0.9990995526313782,0.0006366702727973461,0.0,0.9947072863578796,224000.0,-0.01082014013081789,0.003400026820600033,1.710653307895882e-08,0.006715619470924139,-0.0007705423049628735,0.11882177740335464,0.9914870858192444,-1.1979297995567322,3.701153039932251,113.38495635986328,4.299820899963379,2.9721155166625977,7.271944046020508,2200.237060546875,0.8583309054374695,0.32806867361068726,0.12412039935588837,0.027146905660629272,0.2901299297809601,1.0,0.17740699648857117,0.027118347585201263,-10981.6962890625,0.027146905660629272,0.0017715709982439876,0.1098979040980339,0.0,0.4265994429588318,0.0
2.8931379318237305,63.599998474121094,1000.0,14.0,1.4021415710449219,0.0001628882164368406,10.0,0.9993894696235657,0.9993894696235657,0.9993894696235657,0.00043172421283088624,0.0,0.9834480285644531,240000.0,-0.007336425594985485,0.003483714535832405,2.98023217215615e-10,0.009435276500880718,0.002719657029956579,0.16140030324459076,1.5029953718185425,0.5115082859992981,4.350845813751221,120.79664611816406,4.503703594207764,2.900921106338501,7.404632568359375,2160.8095703125,0.7673604488372803,0.2960354685783386,0.16455690562725067,0.03396495059132576,0.29736170172691345,1.0,0.2529280483722687,0.030921949073672295,-9657.3603515625,0.03396495059132576,0.021667497232556343,0.15428197383880615,0.0,0.36004549264907837,0.0
2.9678564071655273,48.29999923706055,1000.0,15.0,1.404478907585144,0.00016030427650548518,10.0,0.9988923072814941,0.9988923072814941,0.9988923072814941,0.0007832289556972682,0.0,0.9858028292655945,256000.0,-0.007140223402529955,0.00019620219245553017,-1.1920929521291868e-10,0.008591578342020512,-0.0008436981588602066,0.14569900929927826,1.1216442584991455,-0.381351113319397,3.7073638439178467,128.1328887939453,4.382692337036133,2.9466214179992676,7.329320907592773,2183.0126953125,1.0176454782485962,0.29995793104171753,0.10601536184549332,0.01931242272257805,0.2714908719062805,1.0,0.18476153910160065,0.01852658949792385,-6141.8984375,0.01931242272257805,0.008334294892847538,0.08839093148708344,0.0,0.4756758511066437,0.0
2.7564141750335693,45.540000915527344,1000.0,16.0,1.4129225015640259,0.00017190857033710927,10.0,1.0009373426437378,1.0009373426437378,1.0009373426437378,0.000662773207295686,0.0,0.9943058490753174,272000.0,-0.01023863721638918,-0.0030984138138592243,7.3909758313561724e-09,0.00707286549732089,-0.0015187128446996212,0.2217777669429779,0.9445933699607849,-0.1770508885383606,4.184875965118408,135.4983673095703,4.428613662719727,2.9297778606414795,7.3583984375,2174.38623046875,0.8310108780860901,0.2847336530685425,0.13160206377506256,0.028961190953850746,0.3101035952568054,1.0,0.22850778698921204,0.028596732765436172,-3719.913330078125,0.028961190953850746,0.006429197732359171,0.1134137511253357,0.0,0.41993504762649536,0.0
2.7506113052368164,34.5,1000.0,17.0,1.4185891151428223,0.000176583111169748,10.0,1.0006183385849,1.0006183385849,1.0006183385849,0.0004372594994492829,0.0,1.000049114227295,288000.0,-0.011033219285309315,-0.0007945820689201355,8.165836007378857e-09,0.00957130454480648,0.00249843904748559,0.22307804226875305,0.7980260848999023,-0.14656728506088257,4.567242622375488,142.8323211669922,4.395301818847656,2.931718349456787,7.327027320861816,2183.696044921875,0.9011282324790955,0.28007772564888,0.10856756567955017,0.024629559367895126,0.30031031370162964,1.0,0.2634427845478058,0.024371786043047905,-677.8551635742188,0.024629559367895126,0.005858257412910461,0.133136585354805,0.0,0.3875843584537506,0.0
2.7965619564056396,36.380001068115234,1000.0,18.0,1.4145604372024536,0.000163855918799527,10.0,1.000609278678894,1.000609278678894,1.000609278678894,0.0004307969647925347,0.0,0.996232271194458,304000.0,-0.006702755112200975,0.004330464173108339,1.0728835597717534e-09,0.008706003427505493,-0.0008653011173009872,0.23389609158039093,0.9433107376098633,0.14528465270996094,4.256547451019287,150.1706085205078,4.407004356384277,2.9244139194488525,7.33142614364624,2182.385986328125,0.8898241519927979,0.30336686968803406,0.11231745779514313,0.025259310379624367,0.29313257336616516,1.0,0.18235351145267487,0.024428483098745346,-1500.6827392578125,0.025259310379624367,0.008467402309179306,0.08629584312438965,0.0,0.48141545057296753,0.0
2.959533929824829,33.900001525878906,1000.0,19.0,1.405584692955017,0.00015684711979702115,10.0,0.9998943209648132,0.9998943209648132,0.9998943209648132,7.474041194655001e-05,0.0,0.9877393245697021,320000.0,-0.005305083934217691,0.001397671177983284,6.9141385949933465e-09,0.010942164808511734,0.002236161381006241,0.2333260476589203,0.8677474856376648,-0.07556325197219849,3.5048394203186035,157.46783447265625,4.368163108825684,2.922499656677246,7.290672302246094,2194.585205078125,0.9111525416374207,0.31417524814605713,0.12694188952445984,0.02409059926867485,0.2802991271018982,1.0,0.15541434288024902,0.023342527449131012,-1333.6246337890625,0.02409059926867485,0.006665640044957399,0.05939364433288574,0.0,0.5802898406982422,0.0
2.3030142784118652,39.7400016784668,1000.0,20.0,1.3930708169937134,0.00014967122115194798,10.0,1.0008397102355957,1.0008397102355957,1.0008397102355957,0.0005937648238614202,0.0,0.9755881428718567,336000.0,-0.009763614274561405,-0.004458530340343714,3.5762786065873797e-09,0.0074297538958489895,-0.0035124109126627445,0.17529626190662384,0.9804646372795105,0.1127171516418457,3.0362462997436523,164.75039672851562,4.347847938537598,2.926966667175293,7.27482271194458,2199.366455078125,0.7777528166770935,0.3153560161590576,0.14329299330711365,0.03306333348155022,0.3122275769710541,1.0,0.18464994430541992,0.033062711358070374,-2631.680419921875,0.03306333348155022,-0.00022642966359853745,0.08255788683891296,0.0,0.4921932816505432,0.0
2.062796115875244,36.380001068115234,1000.0,21.0,1.3828035593032837,0.00017926597502082586,10.0,1.0004762411117554,1.0004762411117554,1.0004762411117554,0.0003367252356838435,0.0,0.965620756149292,352000.0,-0.004777483642101288,0.004986130632460117,4.1127203864732564e-09,0.010355179198086262,0.0029254253022372723,0.14907163381576538,0.7598694562911987,-0.22059518098831177,3.4914255142211914,172.24099731445312,4.570904731750488,2.9130401611328125,7.483952522277832,2137.907958984375,0.7572193741798401,0.27319979667663574,0.14301007986068726,0.03488079831004143,0.3215900659561157,1.0,0.2580619156360626,0.032636769115924835,-1609.3289794921875,0.03488079831004143,0.013437901623547077,0.08047006279230118,0.0,0.49853748083114624,0.0
1.498647928237915,25.100000381469727,1000.0,22.0,1.372278094291687,0.000160004390636459,10.0,1.0017768144607544,1.0017768144607544,1.0017768144607544,0.0012564256321638823,0.0,0.9556350708007812,368000.0,-0.006210415158420801,-0.0014329315163195133,9.536743617033494e-10,0.008145703934133053,-0.002209475263953209,0.0975959300994873,0.6937664747238159,-0.06610298156738281,1.5427809953689575,179.6436004638672,4.38112735748291,3.0144615173339844,7.395595550537109,2163.449951171875,1.058776617050171,0.30125629901885986,0.09551262110471725,0.017841076478362083,0.27326297760009766,1.0,0.12392155081033707,0.017830481752753258,-0.26104113459587097,0.017841076478362083,0.0006139795877970755,0.03558223694562912,0.0,0.7497186064720154,0.0
1.7339624166488647,22.079999923706055,1000.0,23.0,1.3729397058486938,0.00019167791469953954,10.0,1.0020204782485962,1.0020204782485962,1.0020204782485962,0.0014286658260971308,0.0,0.9562086462974548,384000.0,-0.016588730737566948,-0.010378315579146147,1.317262654509932e-08,0.008228219114243984,8.25151801109314e-05,0.30263087153434753,0.8445239067077637,0.15075743198394775,3.984755039215088,187.09011840820312,4.4486260414123535,2.9911608695983887,7.439796447753906,2150.5966796875,0.9161281585693359,0.26232942938804626,0.12408704310655594,0.023829631507396698,0.2863457500934601,1.0,0.19512483477592468,0.023819884285330772,-109.61347961425781,0.023829631507396698,0.0008706448134034872,0.0777718648314476,1.091550350189209,0.0,3.0
1.7185368537902832,23.139999389648438,1000.0,24.0,1.3695663213729858,0.00018435672973282635,10.0,1.0012480020523071,1.0012480020523071,1.0012480020523071,0.0008824426331557333,0.0,0.9529599547386169,400000.0,-0.012981642037630081,0.0036070886999368668,-3.039836826701503e-09,0.007586151827126741,-0.0006420672871172428,0.2395666241645813,1.0770305395126343,0.2325066328048706,3.4144344329833984,194.46421813964844,4.389040946960449,2.9776530265808105,7.366703033447266,2171.935302734375,0.948548436164856,0.26479828357696533,0.11646923422813416,0.022228533402085304,0.27916160225868225,1.0,0.22257398068904877,0.021758535876870155,-34.58616256713867,0.022228533402085304,0.006854636128991842,0.09997069835662842,1.0542423725128174,0.0,3.0
1.905093789100647,35.959999084472656,1000.0,25.0,1.3725829124450684,0.00014904668205417693,10.0,1.0009336471557617,1.0009336471557617,1.0009336471557617,0.0006602444336749613,0.0,0.9559556841850281,416000.0,-0.008776333183050156,0.0042053088545799255,-6.616115655333488e-09,0.007331096101552248,-0.0002550557255744934,0.1758342981338501,1.3540990352630615,0.27706849575042725,2.288594961166382,201.9294891357422,4.517725944519043,2.940441608428955,7.458174705505371,2145.297119140625,0.9215250611305237,0.3180021345615387,0.13457335531711578,0.0235513336956501,0.262315958738327,1.0,0.15634815394878387,0.023452237248420715,-1572.723388671875,0.0235513336956501,0.002751115709543228,0.07637709379196167,0.0,0.5117211937904358,0.0
2.1063220500946045,40.47999954223633,1000.0,26.0,1.3744806051254272,0.00016227515880018473,10.0,0.9992396831512451,0.9992396831512451,0.9992396831512451,0.0005376252229325473,0.0,0.9579442143440247,432000.0,-0.009916449896991253,-0.0011401167139410973,5.60283641704018e-09,0.010701724328100681,0.0033706282265484333,0.2265664041042328,0.8482300639152527,-0.5058689713478088,3.173186779022217,209.3225555419922,4.477756500244141,2.9085590839385986,7.386322021484375,2166.166015625,0.897444486618042,0.30218854546546936,0.12589922547340393,0.024832166731357574,0.29774758219718933,1.0,0.21440322697162628,0.0243647750467062,-2096.61083984375,0.024832166731357574,0.007308878004550934,0.11429306864738464,0.0,0.418316513299942,0.0
2.151954412460327,37.880001068115234,1000.0,27.0,1.3764501810073853,0.00013259331171866506,10.0,0.999019205570221,0.999019205570221,0.999019205570221,0.0006935123819857836,0.0,0.9595484733581543,448000.0,-0.011702710762619972,-0.0017862608656287193,5.304813477380321e-09,0.00994940847158432,-0.0007523158565163612,0.25133243203163147,0.7756192088127136,-0.07261085510253906,4.681965351104736,216.74940490722656,4.456686019897461,2.9630696773529053,7.419763088226318,2156.4033203125,0.8347420692443848,0.32984253764152527,0.14328986406326294,0.028702864423394203,0.29631587862968445,1.0,0.20044733583927155,0.028420841321349144,-1567.0870361328125,0.028702864423394203,-0.005463968962430954,0.10586029291152954,0.0,0.4346587657928467,0.0
1.7088862657546997,20.3799991607666,1000.0,28.0,1.3757127523422241,0.0002364200772717595,10.0,1.0015970468521118,1.0015970468521118,1.0015970468521118,0.0011293108109384775,0.0,0.9587623476982117,464000.0,-0.020122360438108444,-0.008419649675488472,1.2278556837941323e-08,0.00603322172537446,-0.00391618674620986,0.22326737642288208,0.5083370804786682,-0.2672821283340454,1.8461862802505493,225.92196655273438,4.420344829559326,4.7457075119018555,9.166059494018555,1745.5703125,0.7339347004890442,0.2172602266073227,0.25913235545158386,0.037129148840904236,0.29602116346359253,1.0,0.12482792884111404,0.03580913692712784,-951.7433471679688,0.037129148840904236,0.005440848413854837,0.022426161915063858,1.3625190258026123,0.0,3.0
2.09036922454834,19.360000610351562,1000.0,29.0,1.3733009099960327,0.00021868941257707775,10.0,1.000125765800476,1.000125765800476,1.000125765800476,8.890176104614511e-05,0.0,0.9567427039146423,480000.0,-0.022870905697345734,-0.0027485452592372894,-6.556510889765832e-09,0.009627954103052616,0.003594732377678156,0.3195505440235138,0.7259568572044373,0.21761977672576904,3.2428152561187744,233.9246826171875,4.83281946182251,3.1628077030181885,7.995634078979492,2001.09228515625,0.6920870542526245,0.2299014925956726,0.2064523547887802,0.04175499454140663,0.3321857750415802,1.0,0.16761142015457153,0.040987011045217514,-380.4522705078125,0.04175499454140663,-0.00801297090947628,0.08360554277896881,1.4449049234390259,0.0,3.0
3.02878475189209,24.540000915527344,1000.0,30.0,1.374070167541504,0.00020500239043030888,10.0,1.0014829635620117,1.0014829635620117,1.0014829635620117,0.001048557460308075,0.0,0.9577205777168274,496000.0,-0.014247450046241283,0.00862345565110445,4.768371808516747e-10,0.013312079943716526,0.00368412584066391,0.42346110939979553,0.8601476550102234,0.13419079780578613,4.386209964752197,241.2823028564453,4.454746246337891,2.8956737518310547,7.350427627563477,2176.744384765625,0.9691555500030518,0.25565704703330994,0.1545257270336151,0.021293293684720993,0.26379361748695374,1.0,0.26237136125564575,0.02107681706547737,-1.1627484560012817,0.021293293684720993,0.006223226897418499,0.17890460789203644,1.031826138496399,0.0,3.0
4.899437427520752,36.0,1000.0,31.0,1.3835992813110352,0.00015255299513228238,10.0,0.9988389015197754,0.9988389015197754,0.9988389015197754,0.0008209925144910812,0.0,0.9665825366973877,512000.0,-0.01334830280393362,0.000899147242307663,-2.9802322831784522e-09,0.014995507895946503,0.0016834279522299767,0.42306068539619446,0.9776312708854675,0.11748361587524414,3.8239736557006836,248.73190307617188,4.4611310958862305,2.981412887573242,7.442551612854004,2149.800537109375,0.9664779305458069,0.30880671739578247,0.12149875611066818,0.021411441266536713,0.2839585840702057,1.0,0.23075754940509796,0.02139483578503132,-948.9507446289062,0.021411441266536713,-0.0014550727792084217,0.1275065541267395,0.0,0.39604881405830383,0.0
5.502238750457764,37.63999938964844,1000.0,32.0,1.3962188959121704,0.000173040185472928,10.0,0.9993703961372375,0.9993703961372375,0.9993703961372375,0.00044515501940622926,0.0,0.9784649014472961,528000.0,-0.014576142653822899,-0.0012278398498892784,1.4901161415892261e-09,0.014965798705816269,-2.9709190130233765e-05,0.4615679979324341,0.9506472945213318,-0.026983976364135742,4.012164115905762,256.0855712890625,4.430370330810547,2.915959358215332,7.34633731842041,2177.956298828125,0.9639219641685486,0.2795931100845337,0.14448635280132294,0.021525144577026367,0.24966919422149658,1.0,0.26725590229034424,0.02142057567834854,-1211.77978515625,0.021525144577026367,-0.0037130608689039946,0.13184484839439392,0.0,0.3894784152507782,0.0
5.299008846282959,33.380001068115234,1000.0,33.0,1.4031251668930054,0.00015377579256892204,10.0,0.999913215637207,0.999913215637207,0.999913215637207,6.139392644399777e-05,0.0,0.9849364161491394,544000.0,-0.0121560487896204,0.0024200938642024994,5.18560394624501e-09,0.013849281705915928,-0.001116516999900341,0.44572529196739197,0.7073505520820618,-0.24329674243927002,3.879636764526367,263.43548583984375,4.423213005065918,2.9194700717926025,7.342691421508789,2179.03759765625,0.9661918878555298,0.3035437762737274,0.12334549427032471,0.021424122154712677,0.2687619924545288,1.0,0.19767571985721588,0.021243108436465263,-831.0823364257812,0.021424122154712677,-0.003910855855792761,0.08449549973011017,0.0,0.48651719093322754,0.0
5.7212605476379395,33.41999816894531,1000.0,34.0,1.4109725952148438,0.00016395625425502658,10.0,1.0001879930496216,1.0001879930496216,1.0001879930496216,0.00013295926328282803,0.0,0.9922940135002136,560000.0,-0.010480118915438652,0.0016759298741817474,-1.2159347306806012e-08,0.01738421991467476,0.003534938208758831,0.6750104427337646,0.6994494795799255,-0.00790107250213623,4.978646755218506,270.74761962890625,4.41031551361084,2.8951454162597656,7.3054680824279785,2190.140380859375,0.9990985989570618,0.29720526933670044,0.1148642748594284,0.02003609575331211,0.27357760071754456,1.0,0.1848287433385849,0.019844066351652145,-1058.3953857421875,0.02003609575331211,-0.0035864717792719603,0.06698349863290787,0.0,0.5464256405830383,0.0
6.127192974090576,28.8799991607666,1000.0,35.0,1.4184421300888062,0.00015236122999340296,10.0,1.000344157218933,1.000344157218933,1.000344157218933,0.00024332781322300434,0.0,0.9996495246887207,576000.0,-0.008316596038639545,0.0021635228767991066,-1.9252301086680745e-08,0.017163395881652832,-0.00022082403302192688,0.5977612137794495,0.8200735449790955,0.12062406539916992,3.6456286907196045,278.0766296386719,4.410265922546387,2.9121146202087402,7.322388172149658,2185.07958984375,0.897239625453949,0.2986186146736145,0.14291100203990936,0.024843508377671242,0.2773912847042084,1.0,0.21535518765449524,0.02440018765628338,-148.41485595703125,0.024843508377671242,0.006705373991280794,0.10142086446285248,0.0,0.44406989216804504,0.0
6.198923110961914,39.52000045776367,1000.0,36.0,1.4205468893051147,0.00012599943147506565,10.0,0.9998454451560974,0.9998454451560974,0.9998454451560974,0.00010930083226412535,0.0,1.0018603801727295,592000.0,-0.006179657764732838,0.0021369382739067078,9.447336246637406e-09,0.015540393069386482,-0.0016230028122663498,0.5582612156867981,0.9211924076080322,0.10111886262893677,4.366171836853027,285.4136657714844,4.373780250549316,2.956273317337036,7.330060958862305,2182.79248046875,0.9177241325378418,0.3332872986793518,0.11535926908254623,0.023746823891997337,0.2981749475002289,1.0,0.176747664809227,0.022938743233680725,-2546.986572265625,0.023746823891997337,0.00817860197275877,0.08277575671672821,0.0,0.4915451109409332,0.0
5.761310577392578,31.079999923706055,1000.0,37.0,1.4124177694320679,0.00016564106044825166,10.0,1.0024123191833496,1.0024123191833496,1.0024123191833496,0.0017057672375813127,0.0,0.9937617778778076,608000.0,-0.01014179177582264,-0.003962134011089802,-3.3378602104505717e-09,0.016209766268730164,0.0006693731993436813,0.508155345916748,0.5357872843742371,-0.38540512323379517,4.48348331451416,292.8348693847656,4.495948791503906,2.9182746410369873,7.4142303466796875,2158.012451171875,0.9578431248664856,0.3048931658267975,0.1155746802687645,0.021799221634864807,0.27642348408699036,1.0,0.1340080201625824,0.021214917302131653,-874.0169067382812,0.021799221634864807,-0.004971162881702185,0.04229385405778885,0.0,0.6876640319824219,0.0
4.483972549438477,22.6200008392334,1000.0,38.0,1.4029459953308105,0.0002256526204291731,10.0,0.9980342984199524,0.9980342984199524,0.9980342984199524,0.0013899749610573053,0.0,0.9843534827232361,624000.0,-0.01709023118019104,-0.006948439404368401,-1.0669231720328298e-08,0.013702369295060635,-0.002507396973669529,0.4848311245441437,0.4898698627948761,-0.04591742157936096,4.758202075958252,300.2116394042969,4.458005905151367,2.911794662475586,7.369808197021484,2171.020263671875,0.8391984105110168,0.23133200407028198,0.15363071858882904,0.02839883603155613,0.2756582796573639,1.0,0.1270698755979538,0.02779650129377842,-154.03594970703125,0.02839883603155613,0.0047060465440154076,0.03676842153072357,1.1916133165359497,0.0,3.0
5.720870494842529,17.65999984741211,1000.0,39.0,1.399104118347168,0.00018962509057018906,10.0,1.000421404838562,1.000421404838562,1.000421404838562,0.0002979501150548458,0.0,0.9805173277854919,640000.0,-0.01576695218682289,0.0013232789933681488,-2.38418573772492e-09,0.018682722002267838,0.004980352707207203,0.6594122052192688,0.9343130588531494,0.4444431960582733,4.381082534790039,307.6201171875,4.459938049316406,2.941904067993164,7.401849746704102,2161.6220703125,0.9806479215621948,0.261772483587265,0.12494155764579773,0.020797137171030045,0.26693832874298096,1.0,0.20892998576164246,0.020789608359336853,-577.62646484375,0.020797137171030045,-0.0008379704086109996,0.09326742589473724,1.0197340250015259,0.0,3.0
6.950193881988525,21.8799991607666,1000.0,40.0,1.3972796201705933,0.0001985737180802971,10.0,0.9993386268615723,0.9993386268615723,0.9993386268615723,0.00046763336285948753,0.0,0.9786736369132996,656000.0,-0.015299668535590172,0.0004672836512327194,-1.9252301086680745e-08,0.02000955305993557,0.0013268310576677322,0.696989893913269,0.6225869059562683,-0.3117261528968811,5.023615837097168,314.8661804199219,4.339359283447266,2.8993663787841797,7.238733291625977,2210.331787109375,1.029197335243225,0.2649304270744324,0.11219123750925064,0.01888132467865944,0.2574145793914795,1.0,0.15651234984397888,0.01885826513171196,-182.6258544921875,0.01888132467865944,0.0011085864389315248,0.05329659953713417,0.9716309905052185,0.0,3.0
9.541922569274902,28.540000915527344,1000.0,41.0,1.3927139043807983,0.00017367920372635126,10.0,1.0009393692016602,1.0009393692016602,1.0009393692016602,0.0006641781073994935,0.0,0.9741494655609131,672000.0,-0.006992751732468605,0.008306916803121567,-7.629394893626795e-09,0.022778019309043884,0.0027684662491083145,0.8014647364616394,0.6656474471092224,0.0430605411529541,3.7806777954101562,322.4049987792969,4.612159729003906,2.919388771057129,7.531557083129883,2124.39501953125,0.9618690609931946,0.28975212574005127,0.10669391602277756,0.021617121994495392,0.29856571555137634,1.0,0.18200063705444336,0.02145608328282833,-187.32369995117188,0.021617121994495392,0.003282085293903947,0.06689098477363586,0.0,0.54680335521698,0.0
10.089832305908203,35.47999954223633,1000.0,42.0,1.4007419347763062,0.00013976889022160321,10.0,0.9997484087944031,0.9997484087944031,0.9997484087944031,0.00017791589198168367,0.0,0.9819996953010559,688000.0,-0.007578288204967976,-0.0005855364724993706,-1.275539407430415e-08,0.02426806464791298,0.0014900453388690948,0.7433211803436279,0.9328434467315674,0.26719599962234497,3.672576665878296,329.7024841308594,4.395628929138184,2.8945376873016357,7.290173530578613,2194.7353515625,0.9770609736442566,0.3178887963294983,0.12876921892166138,0.020950116217136383,0.27071231603622437,1.0,0.17777709662914276,0.020705750212073326,-1549.0504150390625,0.020950116217136383,0.004162415862083435,0.0709008276462555,0.0,0.5311158895492554,0.0
10.568502426147461,45.63999938964844,1000.0,43.0,1.4178334474563599,0.00015612371498718858,10.0,1.0012177228927612,1.0012177228927612,1.0012177228927612,0.0008610319928266108,0.0,0.9989517331123352,704000.0,-0.009599868208169937,-0.0020215800032019615,-9.65595248203499e-09,0.024915581569075584,0.0006475169211626053,0.9909118413925171,1.3000351190567017,0.3671916723251343,4.515324592590332,337.0342102050781,4.422646522521973,2.9023261070251465,7.324979782104492,2184.306396484375,0.9154936075210571,0.30449944734573364,0.15707458555698395,0.023862678557634354,0.2653062045574188,1.0,0.24897389113903046,0.02301117591559887,-3166.96044921875,0.023862678557634354,0.010702374391257763,0.13451600074768066,0.0,0.385591983795166,0.0
10.263413429260254,48.439998626708984,1000.0,44.0,1.43106210231781,0.00013965564721729606,10.0,0.9993141293525696,0.9993141293525696,0.9993141293525696,0.0004849978431593627,0.0,1.012251853942871,720000.0,-0.011803523637354374,-0.002203655429184437,-2.7418136649970393e-09,0.02139960788190365,-0.003515973687171936,0.98935467004776,0.9208170771598816,-0.37921804189682007,5.21320104598999,344.4892578125,4.546241760253906,2.9016196727752686,7.447868824005127,2148.265625,0.9246284365653992,0.3188682496547699,0.13920369744300842,0.023393504321575165,0.28109005093574524,1.0,0.20751389861106873,0.023199820891022682,-5826.7119140625,0.023393504321575165,-0.004273565486073494,0.09429530799388885,0.0,0.4605427384376526,0.0
10.169629096984863,48.439998626708984,1000.0,45.0,1.4337085485458374,0.0001601740950718522,10.0,0.999330997467041,0.999330997467041,0.999330997467041,0.0004730562213808298,0.0,1.0149431228637695,736000.0,-0.00944202858954668,0.0023614950478076935,-6.43730180271973e-09,0.022416573017835617,0.0010169651359319687,0.907118558883667,0.9191842675209045,-0.0016328096389770508,4.984513759613037,351.741455078125,4.338744163513184,2.9063987731933594,7.245150566101074,2208.3740234375,0.9635494947433472,0.3101021647453308,0.14170752465724945,0.021541789174079895,0.25266286730766296,1.0,0.18791283667087555,0.02153298258781433,-6634.23193359375,0.021541789174079895,0.000854054931551218,0.0828176960349083,0.0,0.4914206564426422,0.0
8.55724048614502,44.119998931884766,1000.0,46.0,1.4334033727645874,0.00017219253641087562,10.0,0.9992745518684387,0.9992745518684387,0.9992745518684387,0.0005129271885380149,0.0,1.0147513151168823,752000.0,-0.011056818068027496,-0.0016147894784808159,2.145767119543507e-09,0.019109392538666725,-0.003307180479168892,0.7213407158851624,1.0041468143463135,0.08496254682540894,4.985577583312988,359.1384582519531,4.436324119567871,2.954111099243164,7.39044713973999,2164.957275390625,0.9000556468963623,0.30038982629776,0.1683180034160614,0.024688296020030975,0.2623574733734131,1.0,0.23167824745178223,0.024684861302375793,-3417.731689453125,0.024688296020030975,0.0006061163730919361,0.10696340352296829,0.0,0.43241164088249207,0.0
7.545708656311035,42.459999084472656,1000.0,47.0,1.4378665685653687,0.00014953654317650944,10.0,0.9995226860046387,0.9995226860046387,0.9995226860046387,0.00033754005562514067,0.0,1.0195341110229492,768000.0,-0.010480888187885284,0.0005759298801422119,-4.976987710847425e-09,0.0191367007791996,2.730824053287506e-05,0.6835829019546509,0.7594042420387268,-0.24474257230758667,2.1976089477539062,366.4764099121094,4.422910690307617,2.907912254333496,7.3308305740356445,2182.563232421875,0.9957260489463806,0.3083397150039673,0.10974309593439102,0.02017205022275448,0.2892478108406067,1.0,0.2486059069633484,0.02015523612499237,-2941.885009765625,0.02017205022275448,0.001319987466558814,0.10362385958433151,0.0,0.43932417035102844,0.0
6.884747505187988,40.08000183105469,1000.0,48.0,1.4475611448287964,0.00016261878772638738,10.0,0.9993584752082825,0.9993584752082825,0.9993584752082825,0.00045361247612163424,0.0,1.029496192932129,784000.0,-0.0072188228368759155,0.003262065351009369,-5.066394859198908e-09,0.023524001240730286,0.004387300461530685,0.7462519407272339,0.8839388489723206,0.12453460693359375,5.246622562408447,373.74896240234375,4.340781211853027,2.924447774887085,7.265235900878906,2202.2685546875,0.8599571585655212,0.2900889813899994,0.13684794306755066,0.027044326066970825,0.2976886034011841,1.0,0.21356181800365448,0.02661987766623497,-2750.717041015625,0.027044326066970825,0.005923645570874214,0.08267109096050262,0.0,0.491856187582016,0.0
6.4272379875183105,36.599998474121094,1000.0,49.0,1.456199288368225,0.0001567102735862136,10.0,0.9997386932373047,0.9997386932373047,0.9997386932373047,0.00018477177945896983,0.0,1.038171410560608,800000.0,-0.007880855351686478,-0.0006620325148105621,-4.172325152040912e-09,0.016498805955052376,-0.00702519528567791,0.7447885870933533,1.0422074794769287,0.15826863050460815,5.690064430236816,381.105712890625,4.431721210479736,2.917557954788208,7.3492865562438965,2177.082275390625,0.8320441246032715,0.2936875522136688,0.17482350766658783,0.028889305889606476,0.2827552556991577,1.0,0.20683319866657257,0.028506388887763023,-1638.598388671875,0.028889305889606476,0.005607525818049908,0.08211793005466461,0.0,0.49351003766059875,0.0
6.291253089904785,27.600000381469727,1000.0,50.0,1.4621005058288574,0.0001654418301768601,10.0,1.001448154449463,1.001448154449463,1.001448154449463,0.0010239998809993267,0.0,1.044290542602539,816000.0,-0.009122886694967747,-0.001242031343281269,5.2452087118126656e-09,0.021001938730478287,0.004503132775425911,0.6886927485466003,0.6381467580795288,-0.4040607213973999,4.214048385620117,388.4409484863281,4.364352703094482,2.9631080627441406,7.327467918395996,2183.564697265625,0.8662527203559875,0.28791847825050354,0.13934658467769623,0.026652662083506584,0.3003285527229309,1.0,0.20571669936180115,0.02664388343691826,-91.34823608398438,0.026652662083506584,-0.0008059307001531124,0.07398634403944016,0.0,0.519923210144043,0.0
6.110308647155762,24.799999237060547,1000.0,51.0,1.4605193138122559,0.00021846209710929543,10.0,0.9993912577629089,0.9993912577629089,0.9993912577629089,0.00043048791121691465,0.0,1.042658805847168,832000.0,-0.014530411921441555,-0.005407525226473808,-7.241964361526243e-09,0.019555188715457916,-0.0014467500150203705,0.6236706376075745,0.6186434626579285,-0.019503295421600342,4.830824851989746,395.7508850097656,4.373114109039307,2.9290499687194824,7.302170753479004,2191.12939453125,0.9207234978675842,0.23672837018966675,0.15811996161937714,0.023592360317707062,0.25711122155189514,1.0,0.13636228442192078,0.022453034296631813,-0.7255333662033081,0.023592360317707062,0.007818478159606457,0.05365326628088951,1.0861023664474487,0.0,3.0
7.073084831237793,23.780000686645508,1000.0,52.0,1.4554113149642944,0.00019421362958382815,10.0,0.9989156126976013,0.9989156126976013,0.9989156126976013,0.0007667916361242533,0.0,1.0374242067337036,848000.0,-0.016880087554454803,-0.0023496756330132484,-1.3142824606404702e-08,0.023174207657575607,0.003619018942117691,0.8861619234085083,0.701752781867981,0.08310931921005249,4.779111385345459,403.09356689453125,4.416718482971191,2.9185256958007812,7.3352508544921875,2181.248046875,0.9465495944023132,0.26892295479774475,0.131880521774292,0.022322513163089752,0.2841087579727173,1.0,0.2036178857088089,0.022246623411774635,-19.004613876342773,0.022322513163089752,-0.002436635550111532,0.07823539525270462,1.0564687252044678,0.0,3.0
9.247615814208984,32.7599983215332,1000.0,53.0,1.4575104713439941,0.00013396010035648942,10.0,0.9998488426208496,0.9998488426208496,0.9998488426208496,0.00010691251372918487,0.0,1.0394996404647827,864000.0,-0.009804858826100826,0.007075228728353977,-1.1682510070443186e-08,0.02275552786886692,-0.00041867978870868683,1.020664095878601,0.6987571120262146,-0.0029956698417663574,4.284563064575195,410.6339416503906,4.542165756225586,2.991189479827881,7.533363342285156,2123.885498046875,1.0555554628372192,0.3245540261268616,0.12103135138750076,0.017950132489204407,0.2603761851787567,1.0,0.15805938839912415,0.017889879643917084,-841.8770141601562,0.017950132489204407,-0.0020759645849466324,0.07152605056762695,0.0,0.5287895202636719,0.0
10.771061897277832,45.36000061035156,1000.0,54.0,1.4576953649520874,0.00017655667033977807,10.0,0.999634325504303,0.999634325504303,0.999634325504303,0.00025855685817077756,0.0,1.0395578145980835,880000.0,-0.013287524692714214,-0.003482665866613388,7.748603980672897e-10,0.021639803424477577,-0.0011157244443893433,1.0275822877883911,3.338024616241455,2.6392675042152405,4.779343605041504,418.0018310546875,4.440423965454102,2.9208524227142334,7.3612847328186035,2173.53369140625,0.9094105958938599,0.3037509322166443,0.12958185374736786,0.02418297901749611,0.2870713770389557,1.0,0.20664498209953308,0.023943621665239334,-3825.717041015625,0.02418297901749611,-0.005092646926641464,0.10835286974906921,0.0,0.4296301603317261,0.0
9.936163902282715,54.7599983215332,1000.0,55.0,1.4579442739486694,0.00016723132284823805,10.0,1.0004018545150757,1.0004018545150757,1.0004018545150757,0.0002840697707142681,0.0,1.0398329496383667,896000.0,-0.014645732007920742,-0.0013582073152065277,-9.715557247602646e-09,0.017348745837807655,-0.004291057586669922,0.745941698551178,2.795579671859741,-0.5424449443817139,3.461652994155884,425.33380126953125,4.370541572570801,2.9548487663269043,7.325398921966553,2184.181640625,0.9328973293304443,0.2939614951610565,0.13549835979938507,0.022980639711022377,0.27778542041778564,1.0,0.2925051748752594,0.02288573421537876,-5335.59375,0.022980639711022377,-0.003969060257077217,0.16598978638648987,0.0,0.34711572527885437,0.0
9.636457443237305,52.459999084472656,1000.0,56.0,1.4638495445251465,0.00014454423217102885,10.0,1.0025662183761597,1.0025662183761597,1.0025662183761597,0.0018145623616874218,0.0,1.0459685325622559,912000.0,-0.00785463210195303,0.006791099905967712,1.1861324367146153e-08,0.024430420249700546,0.007081674411892891,1.0601667165756226,1.1433348655700684,-1.6522448062896729,4.370882511138916,432.677490234375,4.36735725402832,2.9635281562805176,7.3308916091918945,2182.544921875,1.005670189857483,0.3127104938030243,0.12986783683300018,0.01977509632706642,0.26802685856819153,1.0,0.19425009191036224,0.019591864198446274,-10805.72265625,0.01977509632706642,0.0035757976584136486,0.06978248059749603,0.0,0.5353549122810364,0.0
9.34643268585205,40.939998626708984,1000.0,57.0,1.472939133644104,0.0001643199211684987,10.0,0.9995374083518982,0.9995374083518982,0.9995374083518982,0.00032711573294363916,0.0,1.0555168390274048,928000.0,-0.003022375050932169,0.004832257051020861,-1.5735626135437997e-08,0.02193519100546837,-0.0024952292442321777,1.0916547775268555,0.80434650182724,-0.33898836374282837,4.1350932121276855,440.055908203125,4.3900604248046875,2.981322765350342,7.371390342712402,2170.55419921875,0.9401643872261047,0.2990845739841461,0.11975867301225662,0.02262675017118454,0.2794867753982544,1.0,0.1570526659488678,0.021355867385864258,-5796.78271484375,0.02262675017118454,0.007463574875146151,0.043831661343574524,0.0,0.6754931807518005,0.0
8.952746391296387,34.119998931884766,1000.0,58.0,1.4826701879501343,0.00016180257080122828,10.0,1.0003238916397095,1.0003238916397095,1.0003238916397095,0.00022905407240614295,0.0,1.0659202337265015,944000.0,-0.010229726321995258,-0.007207351271063089,-1.6570091077028337e-08,0.018927233293652534,-0.003007957711815834,0.7862383127212524,0.8899753093719482,0.08562880754470825,3.4849202632904053,447.3569641113281,4.367655277252197,2.9267218112945557,7.294384956359863,2193.46826171875,0.9873188734054565,0.2971252202987671,0.12981456518173218,0.020517049357295036,0.2575608789920807,1.0,0.22006984055042267,0.02041301503777504,-882.2389526367188,0.020517049357295036,0.003131724428385496,0.09427432715892792,0.0,0.4605939984321594,0.0
8.272049903869629,34.34000015258789,1000.0,59.0,1.4863404035568237,0.00015154342690948397,10.0,0.9997148513793945,0.9997148513793945,0.9997148513793945,0.00020160242274869233,0.0,1.0698224306106567,960000.0,-0.008491648361086845,0.001738077960908413,2.3841859042583735e-10,0.020581262186169624,0.0016540288925170898,0.8273078799247742,0.7114124298095703,-0.17856287956237793,3.887928009033203,454.6668701171875,4.3625102043151855,2.9404661655426025,7.30298376083374,2190.885498046875,0.9682033658027649,0.3123946785926819,0.1374913901090622,0.021335195749998093,0.26251015067100525,1.0,0.19376949965953827,0.021243726834654808,-1077.6075439453125,0.021335195749998093,0.0027211399283260107,0.08095152676105499,0.0,0.49705272912979126,0.0
6.885890007019043,33.34000015258789,1000.0,60.0,1.4888871908187866,0.0001658463734202087,10.0,0.9991623759269714,0.9991623759269714,0.9991623759269714,0.0005923318094573915,0.0,1.0725140571594238,976000.0,-0.011041213758289814,-0.0025495653972029686,-4.410743770222325e-09,0.020130662247538567,-0.00045059993863105774,0.9014466404914856,0.6935833692550659,-0.017829060554504395,3.6347007751464844,461.88360595703125,4.296285629272461,2.9132368564605713,7.209529399871826,2219.28515625,0.9034978747367859,0.2965048849582672,0.1543475091457367,0.024500533938407898,0.27408531308174133,1.0,0.23579716682434082,0.024494482204318047,-796.0999755859375,0.024500533938407898,0.0007271681679412723,0.08736823499202728,0.0,0.47845178842544556,0.0
6.8447041511535645,26.219999313354492,1000.0,61.0,1.4799604415893555,0.00014808816194999963,10.0,0.9995307922363281,0.9995307922363281,0.9995307922363281,0.0003318080853205174,0.0,1.0630003213882446,992000.0,-0.005551763344556093,0.005489450413733721,-1.317262654509932e-08,0.018922928720712662,-0.0012077335268259048,0.7822271585464478,0.5550695061683655,-0.13851386308670044,3.4922075271606445,469.3406066894531,4.495969772338867,2.954336166381836,7.450314044952393,2147.560546875,0.9452821016311646,0.32141292095184326,0.1469375491142273,0.02238241583108902,0.2709241211414337,1.0,0.13091899454593658,0.022215981036424637,-35.8872184753418,0.02238241583108902,0.002626575995236635,0.041451215744018555,0.0,0.6946184635162354,0.0
6.308816432952881,21.579999923706055,1000.0,62.0,1.4700326919555664,0.00021552207181230187,10.0,1.0005264282226562,1.0005264282226562,1.0005264282226562,0.0003722971596289426,0.0,1.0525931119918823,1008000.0,-0.014668806456029415,-0.009117043111473322,8.523464600784791e-09,0.021099062636494637,0.002176133915781975,0.8511540293693542,0.5056461095809937,-0.049423396587371826,3.0120205879211426,476.6670837402344,4.362842559814453,2.956968069076538,7.319818496704102,2185.8466796875,0.9271583557128906,0.2334599643945694,0.1736915409564972,0.023266013711690903,0.25180160999298096,1.0,0.1428753286600113,0.022529885172843933,-293.2114562988281,0.023266013711690903,0.005418733227998018,0.039887934923172,1.0785644054412842,0.0,3.0
7.216611862182617,24.520000457763672,1000.0,63.0,1.4691061973571777,0.00018511142116039991,10.0,0.999910295009613,0.999910295009613,0.999910295009613,6.344506255118176e-05,0.0,1.0517696142196655,1024000.0,-0.015693049877882004,-0.0010242434218525887,1.0013580187262505e-08,0.02686592936515808,0.0057668667286634445,1.033162236213684,0.8105272054672241,0.30488109588623047,3.8249752521514893,484.0333251953125,4.413384914398193,2.9463934898376465,7.359786033630371,2173.976318359375,0.9775443077087402,0.269508957862854,0.13915874063968658,0.020929403603076935,0.27570000290870667,1.0,0.24477605521678925,0.020921364426612854,-1.9996528625488281,0.020929403603076935,-0.0009576359298080206,0.11407878994941711,1.022971510887146,0.0,3.0
